Storage_Temperature_C,Storage_Time_Days,pH,Titratable_Acidity_pct,Microbial_Load_log_CFU_mL,Sensory_Score,Shelf_Life_Status
2.73,5.4,6.519,0.163,2.65,8.77,Acceptable
3.44,4.24,6.555,0.16,3.04,8.43,Acceptable
2.73,9.29,6.391,0.193,3.66,7.66,Acceptable
6.59,5.52,6.438,0.185,3.02,8.38,Acceptable
6.47,3.31,6.634,0.157,2.84,8.15,Acceptable
5.63,6.33,6.408,0.195,3.36,7.08,Acceptable
5.34,1.09,6.608,0.146,2.42,9.37,Acceptable
4.41,0.52,6.701,0.138,2.16,9.68,Acceptable
8.24,12.1,6.131,0.248,4.76,5.97,Spoiled
2.78,8.22,6.479,0.197,3.34,7.7,Acceptable
2.8,10.58,6.358,0.204,3.61,6.99,Acceptable
5.91,1.18,6.588,0.156,2.45,9.4,Acceptable
5.77,0.27,6.655,0.132,2.19,9.73,Acceptable
9.76,3.11,6.417,0.171,3.28,7.09,Acceptable
8.18,8.8,6.353,0.236,4.09,6.8,Spoiled
6.8,7.51,6.429,0.192,3.4,7.1,Acceptable
4.99,12.0,6.237,0.239,4.17,6.22,Spoiled
4.91,13.59,6.2,0.239,4.68,6.15,Spoiled
2.81,9.05,6.368,0.21,3.91,7.29,Acceptable
8.2,9.02,6.315,0.222,4.05,6.64,Spoiled
3.04,11.59,6.31,0.223,4.09,6.63,Spoiled
4.98,7.41,6.463,0.2,3.4,7.51,Acceptable
2.54,7.96,6.459,0.196,3.31,7.55,Acceptable
6.93,9.54,6.305,0.223,4.42,6.72,Spoiled
9.47,4.54,6.423,0.196,3.35,8.02,Acceptable
6.95,8.41,6.311,0.223,3.96,7.83,Spoiled
8.95,10.71,6.193,0.248,4.05,5.74,Spoiled
6.54,5.71,6.441,0.19,3.73,6.82,Acceptable
7.21,14.14,6.15,0.271,5.25,4.71,Spoiled
7.62,12.65,6.17,0.259,4.8,5.98,Spoiled
5.74,9.37,6.372,0.221,3.83,7.23,Spoiled
2.31,2.11,6.628,0.151,2.02,8.98,Acceptable
4.61,12.81,6.256,0.229,4.23,5.37,Spoiled
8.33,11.49,6.192,0.235,4.59,6.41,Spoiled
7.26,2.13,6.568,0.166,2.77,9.14,Acceptable
2.78,3.37,6.625,0.153,2.43,7.94,Acceptable
5.96,5.33,6.424,0.175,3.03,7.8,Acceptable
4.81,9.63,6.346,0.215,3.84,6.86,Acceptable
3.39,7.67,6.514,0.182,3.11,8.55,Acceptable
8.17,0.35,6.633,0.157,2.76,8.97,Acceptable
2.59,10.4,6.38,0.206,3.62,6.97,Acceptable
2.65,1.16,6.69,0.139,2.07,9.46,Acceptable
3.6,14.9,6.273,0.252,4.53,5.88,Spoiled
5.21,8.66,6.401,0.209,3.52,7.69,Acceptable
8.29,1.84,6.575,0.172,2.72,8.82,Acceptable
2.56,13.78,6.252,0.242,4.24,5.28,Spoiled
5.09,14.06,6.115,0.258,4.58,5.92,Spoiled
4.17,1.48,6.665,0.144,2.15,9.0,Acceptable
5.14,13.38,6.209,0.256,4.48,5.37,Spoiled
9.6,14.71,6.108,0.273,5.09,4.61,Spoiled
3.67,7.58,6.438,0.203,3.33,7.46,Acceptable
7.37,1.72,6.587,0.154,2.41,8.54,Acceptable
8.6,4.47,6.449,0.17,3.38,8.34,Acceptable
3.34,1.1,6.683,0.136,2.23,9.67,Acceptable
9.01,12.75,6.11,0.257,4.72,5.16,Spoiled
8.92,7.69,6.343,0.211,3.86,5.96,Acceptable
3.48,9.5,6.379,0.212,3.71,6.44,Acceptable
5.65,11.48,6.279,0.242,4.34,6.02,Spoiled
5.27,4.43,6.552,0.17,3.09,9.09,Acceptable
5.37,10.16,6.333,0.218,3.92,6.7,Acceptable
6.26,1.19,6.613,0.153,2.33,9.54,Acceptable
7.63,0.93,6.583,0.147,2.71,9.35,Acceptable
2.36,10.92,6.414,0.203,3.39,6.85,Acceptable
8.42,1.43,6.582,0.164,2.39,9.79,Acceptable
8.71,13.11,6.172,0.258,5.1,5.51,Spoiled
3.5,2.03,6.597,0.153,1.88,8.71,Acceptable
5.51,9.9,6.285,0.22,3.95,6.85,Spoiled
3.76,4.07,6.558,0.158,2.55,9.04,Acceptable
2.26,2.2,6.689,0.133,2.07,9.75,Acceptable
4.06,1.99,6.615,0.141,2.33,9.78,Acceptable
6.13,9.92,6.276,0.227,4.24,7.17,Spoiled
3.68,9.19,6.392,0.212,4.07,6.87,Acceptable
6.05,3.1,6.551,0.163,2.8,8.3,Acceptable
6.73,7.78,6.393,0.207,3.77,7.75,Acceptable
4.58,4.2,6.523,0.16,2.84,8.98,Acceptable
5.99,0.44,6.646,0.142,2.21,9.11,Acceptable
5.45,1.51,6.64,0.147,2.4,8.7,Acceptable
9.76,14.05,6.031,0.264,5.29,4.88,Spoiled
7.19,6.15,6.405,0.181,3.78,7.18,Acceptable
3.11,9.04,6.369,0.206,3.54,7.1,Acceptable
2.62,11.07,6.376,0.224,3.91,6.86,Spoiled
2.37,8.09,6.455,0.191,3.15,6.9,Acceptable
9.52,12.41,6.209,0.249,4.79,5.32,Spoiled
7.57,1.62,6.575,0.145,2.42,8.25,Acceptable
5.19,5.92,6.477,0.198,3.18,7.63,Acceptable
6.34,6.36,6.445,0.193,3.55,7.0,Acceptable
4.23,8.0,6.443,0.195,3.47,7.63,Acceptable
5.4,4.34,6.491,0.154,2.87,8.61,Acceptable
3.11,13.18,6.229,0.23,4.09,6.29,Spoiled
4.15,1.74,6.677,0.145,2.51,9.58,Acceptable
9.75,0.81,6.524,0.17,3.03,9.07,Acceptable
9.73,3.9,6.468,0.181,3.33,7.77,Acceptable
7.2,6.56,6.437,0.213,3.76,7.69,Acceptable
2.29,0.0,6.775,0.119,1.74,8.98,Acceptable
3.91,3.49,6.609,0.168,2.36,8.55,Acceptable
6.18,12.63,6.206,0.243,4.81,5.69,Spoiled
5.53,8.82,6.355,0.206,3.86,6.54,Acceptable
2.88,14.36,6.169,0.248,4.35,6.39,Spoiled
4.3,4.73,6.451,0.175,2.96,8.72,Acceptable
4.73,8.33,6.307,0.204,3.23,7.57,Acceptable
5.96,14.71,6.103,0.264,4.9,5.0,Spoiled
9.44,4.57,6.453,0.186,3.42,6.88,Acceptable
7.47,10.7,6.228,0.239,4.48,6.37,Spoiled
9.56,8.79,6.372,0.223,4.28,6.42,Spoiled
2.62,1.03,6.659,0.121,1.82,8.92,Acceptable
4.07,14.44,6.19,0.25,4.33,5.37,Spoiled
4.6,13.5,6.176,0.241,4.73,5.48,Spoiled
3.03,13.2,6.225,0.244,4.44,6.36,Spoiled
4.93,1.52,6.648,0.135,2.37,8.86,Acceptable
2.2,10.09,6.389,0.208,3.71,7.84,Acceptable
7.57,12.04,6.182,0.237,4.57,6.21,Spoiled
9.81,4.83,6.424,0.199,3.75,7.33,Acceptable
9.2,7.82,6.377,0.219,4.18,6.52,Acceptable
6.02,9.36,6.35,0.212,4.13,7.37,Acceptable
3.82,2.63,6.622,0.154,2.42,9.52,Acceptable
9.1,7.21,6.347,0.204,3.84,6.96,Acceptable
2.44,6.33,6.503,0.171,2.92,8.09,Acceptable
2.33,1.75,6.661,0.134,1.87,9.93,Acceptable
8.97,10.04,6.29,0.238,4.4,6.48,Spoiled
9.93,3.63,6.421,0.192,3.47,8.52,Acceptable
7.51,7.25,6.335,0.202,3.86,7.5,Acceptable
8.63,13.14,6.15,0.26,4.74,4.84,Spoiled
9.89,5.56,6.337,0.198,3.49,6.83,Acceptable
5.59,10.83,6.321,0.232,4.08,6.17,Spoiled
4.01,12.63,6.234,0.234,4.48,6.62,Spoiled
2.25,14.37,6.186,0.237,4.07,6.3,Spoiled
7.52,3.89,6.499,0.174,2.99,7.88,Acceptable
3.99,13.39,6.221,0.255,4.5,5.62,Spoiled
7.47,1.8,6.597,0.165,2.72,8.7,Acceptable
7.97,12.6,6.249,0.257,4.79,5.78,Spoiled
8.76,2.11,6.489,0.181,2.83,8.19,Acceptable
4.87,9.11,6.405,0.201,3.59,7.0,Acceptable
8.45,3.01,6.494,0.183,2.66,7.76,Acceptable
3.9,2.69,6.586,0.144,2.34,8.93,Acceptable
8.27,7.79,6.377,0.205,3.95,6.94,Acceptable
3.47,0.11,6.759,0.123,1.66,10.0,Acceptable
5.71,11.27,6.282,0.227,4.38,6.13,Spoiled
6.03,4.29,6.527,0.177,3.01,8.24,Acceptable
5.57,6.11,6.453,0.192,3.14,7.6,Acceptable
6.09,11.8,6.264,0.241,4.72,6.75,Spoiled
6.66,8.93,6.391,0.203,3.39,6.76,Acceptable
8.48,11.78,6.235,0.247,4.3,5.46,Spoiled
5.23,11.02,6.299,0.23,4.24,7.2,Spoiled
2.19,2.92,6.623,0.148,1.76,8.2,Acceptable
3.92,7.47,6.492,0.199,3.42,7.73,Acceptable
6.38,10.0,6.32,0.224,4.26,6.95,Spoiled
2.92,1.66,6.686,0.143,2.19,9.77,Acceptable
6.34,11.47,6.245,0.257,4.14,6.06,Spoiled
7.28,9.23,6.327,0.218,3.93,6.61,Acceptable
4.01,7.09,6.391,0.193,3.65,8.12,Acceptable
4.21,0.54,6.692,0.127,2.42,8.94,Acceptable
4.59,0.25,6.768,0.132,1.97,9.23,Acceptable
7.31,3.42,6.528,0.171,3.26,8.52,Acceptable
9.82,10.91,6.2,0.234,4.27,5.81,Spoiled
5.32,10.96,6.26,0.209,3.81,6.68,Acceptable
9.72,13.53,6.14,0.274,5.29,5.37,Spoiled
6.94,9.67,6.326,0.223,4.02,5.53,Spoiled
3.39,4.57,6.568,0.164,2.63,8.62,Acceptable
9.52,12.63,6.146,0.253,4.78,4.9,Spoiled
9.27,3.85,6.448,0.169,3.36,8.08,Acceptable
4.35,13.29,6.227,0.247,4.56,6.36,Spoiled
5.19,14.15,6.195,0.236,5.03,5.96,Spoiled
8.9,3.16,6.491,0.166,3.23,7.84,Acceptable
3.34,11.48,6.321,0.221,3.83,6.11,Spoiled
7.09,4.85,6.445,0.177,3.27,8.42,Acceptable
8.04,12.01,6.215,0.246,4.59,6.65,Spoiled
5.59,12.94,6.208,0.253,4.47,5.82,Spoiled
9.51,12.12,6.183,0.247,4.77,5.78,Spoiled
4.31,9.31,6.356,0.213,3.93,7.1,Acceptable
2.95,10.33,6.4,0.201,3.7,6.48,Acceptable
2.12,6.24,6.545,0.185,3.12,8.46,Acceptable
4.8,2.01,6.601,0.154,2.52,8.96,Acceptable
7.59,3.93,6.479,0.161,3.19,7.66,Acceptable
6.26,14.65,6.098,0.275,5.18,5.5,Spoiled
2.06,1.45,6.637,0.139,1.93,10.0,Acceptable
3.42,6.21,6.491,0.177,3.36,8.39,Acceptable
6.74,4.74,6.491,0.176,2.94,7.71,Acceptable
3.37,0.5,6.71,0.136,2.11,9.59,Acceptable
5.64,6.87,6.485,0.201,3.21,8.6,Acceptable
8.97,14.66,6.11,0.274,5.6,4.82,Spoiled
6.01,4.73,6.468,0.169,3.07,7.19,Acceptable
5.94,6.96,6.39,0.199,3.51,7.68,Acceptable
9.19,7.59,6.355,0.217,4.12,7.02,Acceptable
2.52,10.74,6.363,0.201,3.57,6.56,Acceptable
2.48,5.36,6.552,0.16,2.92,8.3,Acceptable
9.37,10.53,6.21,0.237,4.23,6.36,Spoiled
3.09,12.98,6.318,0.233,4.48,6.24,Spoiled
7.57,13.1,6.236,0.266,4.8,6.36,Spoiled
2.14,7.15,6.498,0.195,3.09,8.49,Acceptable
9.9,8.46,6.33,0.219,4.01,7.54,Acceptable
5.94,14.77,6.203,0.264,5.13,5.45,Spoiled
3.91,9.02,6.342,0.207,3.62,7.41,Acceptable
4.7,12.72,6.245,0.255,4.53,6.58,Spoiled
3.46,10.93,6.33,0.21,3.91,7.44,Acceptable
6.43,8.13,6.285,0.206,4.05,6.73,Acceptable
6.29,7.45,6.389,0.204,3.67,7.62,Acceptable
5.04,6.81,6.493,0.198,3.28,7.04,Acceptable
3.73,1.08,6.618,0.137,2.48,8.15,Acceptable
8.35,8.58,6.334,0.218,4.28,6.39,Acceptable
9.16,3.04,6.485,0.185,2.96,8.93,Acceptable
6.53,7.13,6.444,0.206,3.78,7.14,Acceptable
5.69,4.75,6.565,0.179,3.23,7.63,Acceptable
8.33,10.43,6.25,0.235,4.78,5.45,Spoiled
9.7,8.58,6.361,0.222,3.74,6.04,Spoiled
2.54,6.2,6.481,0.171,3.08,7.48,Acceptable
6.61,2.31,6.562,0.159,2.67,9.14,Acceptable
9.2,5.98,6.389,0.189,3.95,7.52,Acceptable
5.28,3.41,6.492,0.174,2.7,8.48,Acceptable
8.85,12.24,6.222,0.245,4.74,5.69,Spoiled
6.52,8.01,6.406,0.216,3.73,6.78,Acceptable
4.85,4.12,6.508,0.162,3.02,8.9,Acceptable
4.08,2.99,6.651,0.143,2.71,8.36,Acceptable
6.56,9.47,6.331,0.218,3.81,6.22,Acceptable
9.76,3.98,6.478,0.199,3.39,7.74,Acceptable
9.92,12.67,6.11,0.255,5.34,5.48,Spoiled
3.39,6.59,6.479,0.194,3.18,7.86,Acceptable
9.61,13.48,6.117,0.258,5.07,5.66,Spoiled
9.76,12.48,6.189,0.258,4.99,5.43,Spoiled
9.8,5.97,6.408,0.212,3.77,7.26,Acceptable
9.1,14.45,6.138,0.272,5.11,4.46,Spoiled
3.84,7.11,6.501,0.191,3.31,8.21,Acceptable
9.59,0.58,6.566,0.155,2.97,7.94,Acceptable
6.02,14.93,6.156,0.248,4.76,5.26,Spoiled
6.11,11.35,6.24,0.246,4.55,6.07,Spoiled
7.2,14.76,6.156,0.259,5.09,5.92,Spoiled
9.25,11.03,6.184,0.25,4.98,6.09,Spoiled
6.86,4.67,6.451,0.184,3.07,8.05,Acceptable
2.71,9.16,6.357,0.213,3.19,6.77,Acceptable
5.41,11.6,6.277,0.232,4.2,6.33,Spoiled
4.6,14.11,6.191,0.269,4.71,6.07,Spoiled
7.9,4.43,6.47,0.185,3.13,7.9,Acceptable
3.14,8.7,6.442,0.217,3.22,7.01,Acceptable
6.6,0.19,6.621,0.136,2.69,8.88,Acceptable
4.14,0.72,6.69,0.131,1.94,9.07,Acceptable
7.27,1.64,6.578,0.176,2.64,8.35,Acceptable
9.0,5.23,6.444,0.191,3.61,6.87,Acceptable
5.4,5.36,6.476,0.178,2.92,8.42,Acceptable
8.91,14.87,6.067,0.276,5.55,4.05,Spoiled
4.95,11.78,6.225,0.253,4.25,6.4,Spoiled
9.56,5.54,6.371,0.205,3.61,7.3,Acceptable
3.48,12.05,6.221,0.233,4.3,6.84,Spoiled
2.88,4.22,6.58,0.158,2.92,8.4,Acceptable
6.64,1.82,6.62,0.144,2.64,8.66,Acceptable
2.86,13.41,6.227,0.229,4.0,6.44,Spoiled
9.97,6.96,6.328,0.208,4.1,6.8,Acceptable
2.45,3.85,6.603,0.159,2.34,9.02,Acceptable
4.77,11.81,6.253,0.242,4.42,6.6,Spoiled
7.05,10.7,6.237,0.232,4.22,5.5,Spoiled
8.09,1.67,6.504,0.171,2.8,7.89,Acceptable
4.02,6.41,6.482,0.193,3.25,7.71,Acceptable
8.76,14.36,6.078,0.275,5.17,5.25,Spoiled
8.47,6.89,6.403,0.202,3.71,6.96,Acceptable
5.7,11.31,6.303,0.233,4.1,6.14,Spoiled
5.7,9.52,6.38,0.214,4.25,5.8,Acceptable
4.55,12.69,6.243,0.235,4.03,5.57,Spoiled
6.76,1.96,6.582,0.158,2.58,8.69,Acceptable
2.15,3.2,6.604,0.157,2.7,7.95,Acceptable
3.02,12.33,6.229,0.228,4.35,5.72,Spoiled
4.38,0.59,6.638,0.13,2.05,8.99,Acceptable
8.54,4.43,6.48,0.182,3.2,8.42,Acceptable
8.38,14.35,6.147,0.275,5.31,5.3,Spoiled
4.25,6.75,6.413,0.195,3.12,7.81,Acceptable
7.34,8.66,6.34,0.21,3.84,7.18,Acceptable
3.96,9.35,6.446,0.215,3.43,7.15,Acceptable
3.42,1.54,6.645,0.139,2.49,9.72,Acceptable
7.95,10.17,6.212,0.23,4.24,6.32,Spoiled
3.11,11.63,6.344,0.214,3.72,7.37,Acceptable
2.04,9.29,6.421,0.209,3.43,8.22,Acceptable
9.9,3.39,6.413,0.186,3.21,7.77,Acceptable
2.68,9.55,6.324,0.207,3.76,7.82,Acceptable
3.3,12.7,6.304,0.227,4.08,5.88,Spoiled
2.36,12.6,6.317,0.235,4.03,6.02,Spoiled
7.1,4.45,6.525,0.174,3.4,8.29,Acceptable
8.7,7.63,6.356,0.22,4.25,7.1,Acceptable
9.69,5.32,6.39,0.202,3.83,7.35,Acceptable
8.38,0.12,6.621,0.169,2.74,8.13,Acceptable
5.64,8.86,6.355,0.207,4.03,6.85,Acceptable
9.98,4.4,6.393,0.188,3.79,7.19,Acceptable
9.24,2.47,6.55,0.168,3.02,8.95,Acceptable
5.37,0.58,6.702,0.136,2.28,8.56,Acceptable
9.75,4.68,6.484,0.193,3.37,7.27,Acceptable
7.67,7.82,6.365,0.204,3.74,7.43,Acceptable
3.7,0.87,6.742,0.137,2.07,9.17,Acceptable
2.51,11.1,6.399,0.218,3.89,7.18,Acceptable
5.94,6.39,6.484,0.177,3.46,7.33,Acceptable
8.45,1.25,6.512,0.159,2.83,8.49,Acceptable
7.81,0.39,6.57,0.154,2.93,9.01,Acceptable
6.66,0.93,6.605,0.149,2.53,9.19,Acceptable
6.99,5.86,6.405,0.204,3.29,8.01,Acceptable
7.31,7.84,6.342,0.203,3.42,7.11,Acceptable
3.38,9.52,6.273,0.209,3.87,6.89,Acceptable
3.27,12.33,6.293,0.24,4.39,6.41,Spoiled
3.29,9.76,6.397,0.225,3.8,7.16,Spoiled
3.94,0.66,6.649,0.133,2.19,9.83,Acceptable
7.55,3.82,6.499,0.164,3.17,8.59,Acceptable
2.6,2.23,6.667,0.148,2.18,9.06,Acceptable
9.38,5.08,6.394,0.193,3.61,7.05,Acceptable
2.58,14.37,6.248,0.251,4.42,5.83,Spoiled
7.67,3.13,6.566,0.168,3.25,8.26,Acceptable
6.3,12.36,6.191,0.251,4.57,5.59,Spoiled
7.03,9.54,6.331,0.218,4.29,6.74,Acceptable
5.6,3.38,6.539,0.166,2.35,8.68,Acceptable
2.59,5.95,6.469,0.17,2.73,7.58,Acceptable
3.79,3.7,6.58,0.16,2.61,8.28,Acceptable
9.64,9.66,6.225,0.233,4.15,6.88,Spoiled
7.15,9.84,6.353,0.222,3.94,6.36,Spoiled
7.56,7.57,6.384,0.202,3.44,6.48,Acceptable
8.63,14.97,6.067,0.283,5.26,5.14,Spoiled
8.48,12.88,6.176,0.26,5.06,5.53,Spoiled
2.12,8.74,6.417,0.19,3.14,7.81,Acceptable
2.94,0.97,6.702,0.137,2.19,9.82,Acceptable
8.17,2.94,6.603,0.161,3.32,8.22,Acceptable
6.4,1.39,6.598,0.151,2.28,8.6,Acceptable
2.29,13.23,6.287,0.224,4.22,7.11,Spoiled
3.8,0.06,6.768,0.121,1.73,10.0,Acceptable
5.18,9.64,6.357,0.223,3.58,6.66,Spoiled
3.94,8.41,6.415,0.196,3.43,7.95,Acceptable
6.27,6.46,6.453,0.198,3.26,7.28,Acceptable
3.36,14.64,6.177,0.251,4.64,6.02,Spoiled
3.85,2.14,6.652,0.162,2.52,9.23,Acceptable
4.36,5.76,6.461,0.171,3.09,9.17,Acceptable
9.5,0.29,6.647,0.174,2.88,9.7,Acceptable
3.49,10.14,6.338,0.217,3.74,5.86,Acceptable
7.31,1.07,6.628,0.154,2.37,8.61,Acceptable
9.47,1.31,6.512,0.16,2.86,9.22,Acceptable
7.52,10.93,6.255,0.236,4.21,5.55,Spoiled
7.84,10.43,6.261,0.244,4.33,6.94,Spoiled
6.06,10.69,6.271,0.25,4.18,6.92,Spoiled
7.93,4.87,6.482,0.184,2.84,7.58,Acceptable
6.34,9.21,6.368,0.22,3.74,6.53,Spoiled
2.05,12.26,6.256,0.236,3.99,6.87,Spoiled
8.64,6.46,6.332,0.203,3.99,6.97,Acceptable
7.35,12.98,6.214,0.267,4.83,5.81,Spoiled
5.97,1.87,6.561,0.161,2.85,8.92,Acceptable
8.15,9.13,6.21,0.219,3.85,6.48,Spoiled
3.48,12.41,6.257,0.212,4.73,7.22,Acceptable
6.55,1.82,6.54,0.15,2.53,8.36,Acceptable
8.46,4.87,6.406,0.195,3.26,7.55,Acceptable
2.64,2.62,6.618,0.151,2.81,9.15,Acceptable
4.63,13.64,6.245,0.244,4.07,5.42,Spoiled
7.16,11.85,6.261,0.238,4.34,6.5,Spoiled
9.56,5.24,6.399,0.194,3.95,7.6,Acceptable
3.75,5.37,6.532,0.164,3.21,8.33,Acceptable
8.24,5.52,6.424,0.186,3.43,7.05,Acceptable
5.17,0.7,6.692,0.139,2.03,9.24,Acceptable
2.85,14.16,6.281,0.25,4.32,6.21,Spoiled
2.29,13.43,6.298,0.234,4.35,6.43,Spoiled
3.46,8.38,6.398,0.209,3.2,7.94,Acceptable
2.57,10.99,6.41,0.207,3.72,6.81,Acceptable
9.79,10.16,6.264,0.223,4.21,5.82,Spoiled
3.36,9.16,6.358,0.207,3.45,7.19,Acceptable
8.82,7.27,6.344,0.22,3.38,7.27,Acceptable
6.39,2.28,6.542,0.165,2.49,9.36,Acceptable
3.86,1.16,6.679,0.126,2.22,9.9,Acceptable
8.4,6.88,6.405,0.206,3.55,7.37,Acceptable
2.91,5.18,6.549,0.163,2.49,7.97,Acceptable
4.22,9.23,6.353,0.213,3.93,6.91,Acceptable
9.88,14.76,6.002,0.265,5.55,4.9,Spoiled
7.99,13.24,6.174,0.262,4.74,5.79,Spoiled
6.24,9.09,6.298,0.216,3.66,5.83,Acceptable
8.08,11.31,6.242,0.234,4.54,5.33,Spoiled
2.15,5.78,6.519,0.178,2.61,8.33,Acceptable
2.05,11.08,6.392,0.218,3.22,7.82,Acceptable
4.19,0.35,6.716,0.136,2.34,9.32,Acceptable
3.49,7.45,6.42,0.181,3.19,8.02,Acceptable
2.21,1.08,6.705,0.13,1.91,9.68,Acceptable
2.51,7.45,6.46,0.193,3.09,7.78,Acceptable
2.41,1.66,6.646,0.144,2.31,10.0,Acceptable
6.37,0.65,6.642,0.148,2.02,9.1,Acceptable
2.08,11.9,6.344,0.227,3.76,7.46,Spoiled
3.94,14.05,6.18,0.254,4.69,6.16,Spoiled
8.7,5.53,6.4,0.192,3.32,7.27,Acceptable
4.78,1.58,6.623,0.152,2.2,9.06,Acceptable
2.25,8.0,6.49,0.191,3.13,8.1,Acceptable
5.22,4.49,6.525,0.164,3.02,8.1,Acceptable
9.4,9.26,6.283,0.223,4.13,5.44,Spoiled
5.27,7.26,6.386,0.209,3.1,8.07,Acceptable
8.54,6.56,6.381,0.2,3.82,7.14,Acceptable
4.46,11.71,6.293,0.222,4.36,6.45,Spoiled
3.1,10.42,6.312,0.221,3.75,7.05,Spoiled
8.99,7.59,6.355,0.221,3.73,6.7,Spoiled
3.05,8.67,6.379,0.207,3.35,7.9,Acceptable
6.32,9.88,6.257,0.217,3.67,6.71,Acceptable
6.78,5.14,6.51,0.191,3.14,7.03,Acceptable
6.73,4.12,6.493,0.171,3.3,7.67,Acceptable
6.36,8.18,6.322,0.194,3.83,6.9,Acceptable
2.86,0.87,6.762,0.129,2.01,9.54,Acceptable
8.0,11.61,6.183,0.254,4.65,5.36,Spoiled
7.08,1.82,6.619,0.167,2.62,8.91,Acceptable
3.77,0.94,6.631,0.133,2.32,10.0,Acceptable
8.99,9.81,6.31,0.229,4.64,7.25,Spoiled
4.85,3.02,6.594,0.157,2.79,8.74,Acceptable
2.32,6.89,6.491,0.181,3.03,7.95,Acceptable
3.22,5.71,6.501,0.179,3.38,8.45,Acceptable
2.27,14.27,6.227,0.239,4.28,5.24,Spoiled
9.16,0.19,6.645,0.155,2.98,9.01,Acceptable
4.96,0.17,6.679,0.137,2.22,9.97,Acceptable
3.98,11.71,6.269,0.253,4.0,6.86,Spoiled
6.94,10.46,6.225,0.228,4.05,6.18,Spoiled
2.27,9.11,6.426,0.201,3.39,8.04,Acceptable
5.48,12.95,6.215,0.24,4.42,5.88,Spoiled
9.6,13.15,6.111,0.262,5.14,5.33,Spoiled
4.53,4.88,6.555,0.184,2.94,7.55,Acceptable
7.11,4.54,6.495,0.182,3.42,8.04,Acceptable
8.36,2.61,6.536,0.164,3.27,7.94,Acceptable
7.38,12.86,6.118,0.252,4.65,5.8,Spoiled
8.01,5.33,6.455,0.195,3.44,6.78,Acceptable
2.81,12.27,6.361,0.21,3.98,6.94,Acceptable
6.78,3.42,6.589,0.183,2.78,8.15,Acceptable
2.58,11.42,6.371,0.214,3.53,7.01,Acceptable
7.06,0.22,6.634,0.15,2.72,9.78,Acceptable
2.2,3.98,6.614,0.154,2.5,9.01,Acceptable
5.9,0.35,6.623,0.133,2.44,9.17,Acceptable
2.62,8.1,6.458,0.195,3.25,7.64,Acceptable
2.99,13.09,6.268,0.249,4.41,6.73,Spoiled
5.4,13.61,6.204,0.267,4.86,5.73,Spoiled
2.25,2.88,6.599,0.152,2.22,8.45,Acceptable
6.41,14.46,6.106,0.252,5.02,5.53,Spoiled
4.28,4.88,6.544,0.165,3.1,8.55,Acceptable
8.97,7.15,6.381,0.202,4.12,6.81,Acceptable
7.58,11.06,6.223,0.236,4.39,6.94,Spoiled
9.76,10.41,6.214,0.241,4.17,5.37,Spoiled
8.16,10.74,6.236,0.241,4.31,6.42,Spoiled
8.92,9.81,6.261,0.227,4.42,6.49,Spoiled
3.65,6.61,6.433,0.184,2.91,7.89,Acceptable
2.32,7.66,6.415,0.178,3.31,7.46,Acceptable
6.8,4.05,6.519,0.18,3.02,7.77,Acceptable
2.19,7.63,6.513,0.191,3.11,7.75,Acceptable
5.72,9.55,6.341,0.218,4.34,6.5,Acceptable
3.61,14.28,6.213,0.245,4.3,5.51,Spoiled
3.31,11.15,6.364,0.224,4.23,7.21,Spoiled
8.54,3.01,6.505,0.178,3.05,8.34,Acceptable
6.89,14.53,6.085,0.268,5.23,4.87,Spoiled
8.58,7.68,6.319,0.217,3.37,6.95,Acceptable
6.16,8.15,6.366,0.217,3.73,7.29,Acceptable
8.36,8.98,6.327,0.238,3.96,6.6,Spoiled
4.08,14.82,6.221,0.251,4.48,4.96,Spoiled
7.14,3.78,6.548,0.17,2.64,8.24,Acceptable
7.42,5.71,6.445,0.21,3.29,8.54,Acceptable
7.75,5.93,6.423,0.206,3.98,7.25,Acceptable
3.76,2.5,6.614,0.149,2.36,9.81,Acceptable
6.3,2.61,6.537,0.151,2.62,8.65,Acceptable
3.29,9.75,6.404,0.208,3.82,7.37,Acceptable
3.99,4.24,6.558,0.154,2.87,8.28,Acceptable
9.7,8.1,6.313,0.208,4.06,6.94,Acceptable
9.03,6.74,6.37,0.216,3.55,7.74,Acceptable
8.4,4.29,6.496,0.178,3.11,7.84,Acceptable
2.7,5.03,6.481,0.16,2.53,9.19,Acceptable
4.41,7.39,6.432,0.207,3.28,7.51,Acceptable
5.04,4.35,6.524,0.155,3.41,8.55,Acceptable
9.21,1.21,6.553,0.156,2.76,8.73,Acceptable
4.19,14.72,6.158,0.272,4.75,5.88,Spoiled
8.24,8.24,6.408,0.22,4.26,6.3,Spoiled
3.95,10.33,6.372,0.223,3.92,7.1,Spoiled
3.19,14.13,6.166,0.245,3.9,6.17,Spoiled
4.84,12.05,6.218,0.247,4.37,5.93,Spoiled
8.16,12.11,6.2,0.241,4.4,6.0,Spoiled
9.98,1.08,6.57,0.168,3.02,9.03,Acceptable
2.16,12.19,6.27,0.223,3.97,6.17,Spoiled
6.02,12.39,6.22,0.241,4.34,5.75,Spoiled
3.45,8.11,6.486,0.194,3.09,7.5,Acceptable
5.0,6.92,6.447,0.201,3.4,7.87,Acceptable
6.98,1.07,6.609,0.147,2.84,9.54,Acceptable
2.65,13.41,6.218,0.248,3.98,5.64,Spoiled
2.3,11.06,6.336,0.23,3.68,7.01,Spoiled
5.99,12.42,6.224,0.234,4.24,5.91,Spoiled
3.54,11.97,6.283,0.234,3.77,6.99,Spoiled
7.01,9.2,6.321,0.219,3.88,6.27,Acceptable
6.42,2.49,6.55,0.154,2.71,8.57,Acceptable
7.09,14.72,6.157,0.273,5.24,5.34,Spoiled
6.09,6.76,6.45,0.187,3.69,6.63,Acceptable
9.87,10.61,6.209,0.254,4.59,6.23,Spoiled
8.06,9.03,6.3,0.219,4.04,6.47,Acceptable
4.24,11.62,6.27,0.222,4.69,6.7,Spoiled
8.54,4.58,6.371,0.188,3.04,8.34,Acceptable
9.75,13.09,6.172,0.278,5.08,4.7,Spoiled
3.7,7.69,6.449,0.194,3.33,7.61,Acceptable
4.59,3.52,6.596,0.146,2.85,8.32,Acceptable
9.29,6.75,6.344,0.21,3.4,7.23,Acceptable
8.93,2.09,6.562,0.177,2.61,8.15,Acceptable
3.45,14.2,6.273,0.249,4.71,6.27,Spoiled
7.61,12.07,6.2,0.249,4.72,5.4,Spoiled
5.27,6.45,6.476,0.187,3.69,7.7,Acceptable
2.85,5.03,6.514,0.162,2.6,8.5,Acceptable
7.02,10.04,6.352,0.24,3.94,6.72,Spoiled
3.22,14.69,6.236,0.244,4.38,5.95,Spoiled
3.9,5.95,6.446,0.176,3.01,8.61,Acceptable
3.0,5.18,6.537,0.171,2.9,7.49,Acceptable
6.54,8.54,6.321,0.221,3.67,6.31,Spoiled
9.6,13.06,6.151,0.254,4.85,5.59,Spoiled
7.27,12.92,6.259,0.245,4.73,6.05,Spoiled
9.31,5.11,6.418,0.189,3.7,7.24,Acceptable
3.6,8.9,6.357,0.205,3.91,7.24,Acceptable
3.36,11.57,6.318,0.232,3.69,6.48,Spoiled
2.25,11.89,6.33,0.242,3.98,6.83,Spoiled
7.13,14.47,6.121,0.267,5.13,6.54,Spoiled
2.81,7.07,6.453,0.184,3.23,7.32,Acceptable
4.79,1.02,6.665,0.139,1.95,8.97,Acceptable
8.95,5.49,6.456,0.182,3.54,7.0,Acceptable
8.96,6.11,6.476,0.207,3.87,6.7,Acceptable
7.65,7.47,6.357,0.22,3.43,7.5,Spoiled
2.24,2.51,6.625,0.148,2.16,9.58,Acceptable
4.62,4.72,6.516,0.169,3.03,8.25,Acceptable
6.18,4.11,6.527,0.178,2.73,7.38,Acceptable
7.07,8.08,6.393,0.207,4.16,6.82,Acceptable
7.55,0.02,6.669,0.15,2.43,8.74,Acceptable
7.38,8.31,6.452,0.192,3.69,7.64,Acceptable
8.02,6.19,6.404,0.206,3.27,7.03,Acceptable
4.55,4.58,6.552,0.179,2.9,9.18,Acceptable
5.46,11.71,6.275,0.24,4.71,5.97,Spoiled
6.43,6.44,6.429,0.202,3.46,7.73,Acceptable
2.36,7.99,6.464,0.187,3.13,8.12,Acceptable
6.14,3.63,6.544,0.17,2.83,8.29,Acceptable
6.56,6.93,6.417,0.204,3.89,7.46,Acceptable
4.12,12.64,6.239,0.236,4.4,5.99,Spoiled
8.03,2.21,6.488,0.166,2.83,8.0,Acceptable
9.49,2.6,6.582,0.187,3.09,7.66,Acceptable
9.92,1.49,6.556,0.152,3.05,8.74,Acceptable
2.63,14.92,6.218,0.246,4.51,5.91,Spoiled
8.41,2.43,6.463,0.192,3.27,7.91,Acceptable
7.73,7.75,6.475,0.213,4.05,7.69,Acceptable
2.2,6.11,6.571,0.166,2.63,8.13,Acceptable
7.42,11.73,6.245,0.242,4.71,6.73,Spoiled
2.86,10.79,6.285,0.217,4.12,6.68,Acceptable
6.48,0.66,6.695,0.145,2.09,9.4,Acceptable
5.21,4.97,6.469,0.167,2.93,7.94,Acceptable
3.86,12.84,6.223,0.238,4.31,6.8,Spoiled
2.53,2.13,6.668,0.142,2.07,8.82,Acceptable
3.02,0.63,6.658,0.119,2.15,9.7,Acceptable
6.95,12.9,6.213,0.258,4.77,5.75,Spoiled
6.98,14.26,6.157,0.262,5.21,5.01,Spoiled
9.1,6.42,6.368,0.202,3.84,7.01,Acceptable
6.77,12.43,6.257,0.258,4.28,5.78,Spoiled
6.74,2.79,6.472,0.172,3.19,8.82,Acceptable
3.18,3.58,6.585,0.16,2.68,8.59,Acceptable
8.54,5.47,6.396,0.183,3.81,7.1,Acceptable
3.05,6.14,6.497,0.188,3.06,7.62,Acceptable
7.2,12.06,6.199,0.244,4.53,6.06,Spoiled
8.64,12.5,6.191,0.257,4.89,5.42,Spoiled
2.24,2.25,6.716,0.147,2.35,7.77,Acceptable
5.62,6.34,6.472,0.18,3.67,7.34,Acceptable
9.32,10.32,6.257,0.24,4.33,5.6,Spoiled
5.0,13.3,6.238,0.223,4.49,6.68,Spoiled
5.5,3.88,6.561,0.153,2.5,7.95,Acceptable
4.16,10.94,6.286,0.226,4.05,6.54,Spoiled
5.84,1.15,6.619,0.149,2.34,9.4,Acceptable
2.33,5.94,6.465,0.186,2.57,8.1,Acceptable
2.45,9.54,6.426,0.203,4.07,6.75,Acceptable
4.55,8.13,6.406,0.206,3.29,6.83,Acceptable
2.93,11.22,6.352,0.216,3.9,6.29,Acceptable
6.96,7.76,6.33,0.205,4.22,6.72,Acceptable
3.75,3.33,6.617,0.149,2.59,8.38,Acceptable
6.77,12.07,6.216,0.257,4.65,5.47,Spoiled
5.63,12.54,6.185,0.25,4.25,5.57,Spoiled
5.14,3.02,6.568,0.162,2.84,8.99,Acceptable
5.36,11.98,6.26,0.252,4.39,6.0,Spoiled
3.25,9.37,6.405,0.215,3.25,7.66,Acceptable
2.42,14.16,6.249,0.248,4.21,5.76,Spoiled
3.4,8.37,6.426,0.188,3.63,7.06,Acceptable
8.66,14.33,6.061,0.27,5.15,5.99,Spoiled
2.13,13.17,6.377,0.223,4.01,5.56,Spoiled
6.92,6.82,6.432,0.209,3.71,6.94,Acceptable
4.68,6.17,6.457,0.185,3.28,7.83,Acceptable
6.83,1.98,6.636,0.155,3.18,7.8,Acceptable
9.46,3.29,6.462,0.169,3.26,7.16,Acceptable
4.91,14.89,6.163,0.276,4.65,5.45,Spoiled
8.18,1.23,6.592,0.165,2.94,9.34,Acceptable
9.37,2.28,6.514,0.162,3.08,7.9,Acceptable
5.32,10.03,6.259,0.219,3.93,7.38,Acceptable
7.78,7.59,6.412,0.204,4.12,7.28,Acceptable
8.04,9.76,6.27,0.233,4.58,5.59,Spoiled
9.77,13.91,6.042,0.265,5.12,5.07,Spoiled
8.52,10.77,6.319,0.231,4.54,5.76,Spoiled
9.77,5.38,6.471,0.201,3.92,6.99,Acceptable
4.12,10.38,6.426,0.215,3.69,7.11,Acceptable
5.11,8.54,6.346,0.201,3.79,6.97,Acceptable
2.73,2.23,6.666,0.137,2.42,10.0,Acceptable
7.9,7.95,6.283,0.217,3.9,7.11,Acceptable
2.68,0.18,6.749,0.128,2.06,9.39,Acceptable
6.72,5.8,6.491,0.189,3.34,7.5,Acceptable
3.84,4.42,6.556,0.16,2.67,9.01,Acceptable
3.39,10.29,6.393,0.211,3.83,7.34,Acceptable
5.48,14.55,6.181,0.246,4.71,5.42,Spoiled
3.1,3.89,6.639,0.163,2.41,8.06,Acceptable
4.33,10.19,6.369,0.225,3.83,6.81,Spoiled
6.98,13.17,6.183,0.261,4.74,6.12,Spoiled
8.51,3.74,6.496,0.166,3.02,8.53,Acceptable
7.8,2.14,6.559,0.176,2.56,7.78,Acceptable
6.79,5.12,6.423,0.176,3.49,7.08,Acceptable
8.97,14.21,6.099,0.269,5.15,4.75,Spoiled
8.95,5.43,6.434,0.205,3.61,8.05,Acceptable
7.72,1.82,6.59,0.159,2.78,8.51,Acceptable
3.25,5.98,6.513,0.177,3.17,8.84,Acceptable
3.72,10.83,6.335,0.221,4.18,6.84,Spoiled
7.37,10.62,6.328,0.226,4.53,6.36,Spoiled
8.46,12.58,6.138,0.251,4.5,5.55,Spoiled
5.52,7.88,6.433,0.21,3.16,7.23,Acceptable
3.83,7.85,6.455,0.199,3.11,6.91,Acceptable
9.32,11.54,6.199,0.248,4.56,5.14,Spoiled
6.15,5.99,6.438,0.194,3.36,7.07,Acceptable
3.42,2.37,6.644,0.157,2.21,8.56,Acceptable
3.02,7.32,6.479,0.181,3.05,7.39,Acceptable
2.68,10.18,6.392,0.215,3.39,7.49,Acceptable
9.54,12.34,6.174,0.262,4.51,4.66,Spoiled
3.05,8.7,6.407,0.204,3.54,7.48,Acceptable
9.84,0.98,6.545,0.144,2.72,7.94,Acceptable
4.62,5.77,6.464,0.183,3.26,7.99,Acceptable
5.7,7.23,6.433,0.182,3.51,8.07,Acceptable
9.76,12.16,6.158,0.258,5.47,6.29,Spoiled
8.76,8.86,6.34,0.239,3.72,6.56,Spoiled
8.69,1.23,6.589,0.156,2.69,8.32,Acceptable
4.99,11.77,6.256,0.222,4.3,6.01,Spoiled
4.0,5.73,6.521,0.173,3.3,8.07,Acceptable
8.38,10.56,6.293,0.241,4.39,6.21,Spoiled
6.89,7.75,6.356,0.219,3.88,7.14,Acceptable
2.65,0.07,6.709,0.127,1.67,9.73,Acceptable
2.46,11.91,6.294,0.209,4.02,7.23,Acceptable
6.49,14.19,6.17,0.263,5.06,5.36,Spoiled
9.17,4.31,6.467,0.172,3.49,6.96,Acceptable
5.18,2.14,6.641,0.156,2.71,9.14,Acceptable
2.96,3.52,6.577,0.154,2.36,9.3,Acceptable
7.44,14.61,6.164,0.281,5.0,5.62,Spoiled
3.29,9.12,6.409,0.205,3.58,7.06,Acceptable
5.14,14.95,6.191,0.246,4.87,6.34,Spoiled
4.79,10.9,6.251,0.232,4.09,6.72,Spoiled
9.88,7.61,6.307,0.23,4.1,7.4,Spoiled
6.77,11.91,6.262,0.234,4.5,5.51,Spoiled
5.42,9.61,6.375,0.213,4.0,7.09,Acceptable
3.13,10.01,6.385,0.211,3.62,6.52,Acceptable
8.21,3.06,6.537,0.178,2.76,7.94,Acceptable
4.07,11.58,6.328,0.225,4.17,5.76,Spoiled
8.55,5.63,6.484,0.191,3.55,7.33,Acceptable
7.54,0.92,6.607,0.154,2.58,9.16,Acceptable
2.23,9.86,6.368,0.206,3.85,7.63,Acceptable
6.34,5.43,6.467,0.181,3.15,7.45,Acceptable
8.8,1.71,6.535,0.158,2.74,8.37,Acceptable
8.38,14.26,6.117,0.272,5.4,6.41,Spoiled
9.89,9.31,6.314,0.241,4.47,7.4,Spoiled
4.6,2.05,6.605,0.153,2.32,9.19,Acceptable
2.32,5.38,6.534,0.176,2.6,8.4,Acceptable
2.66,9.7,6.393,0.207,3.88,7.68,Acceptable
5.49,14.46,6.235,0.261,4.81,5.49,Spoiled
4.85,9.77,6.34,0.207,3.85,7.64,Acceptable
8.94,9.85,6.304,0.231,4.6,4.57,Spoiled
7.71,2.43,6.557,0.156,2.68,8.36,Acceptable
2.96,0.21,6.747,0.131,1.89,9.65,Acceptable
7.65,0.56,6.563,0.153,2.5,9.28,Acceptable
6.86,8.29,6.363,0.213,3.56,6.34,Acceptable
9.31,14.33,6.152,0.275,5.31,5.02,Spoiled
2.53,1.45,6.683,0.143,2.12,9.11,Acceptable
5.67,2.66,6.594,0.166,2.85,8.08,Acceptable
4.96,14.51,6.127,0.268,4.86,5.0,Spoiled
7.86,0.38,6.641,0.159,2.57,9.01,Acceptable
2.46,8.7,6.41,0.187,3.06,7.52,Acceptable
2.63,11.47,6.292,0.226,3.71,6.66,Spoiled
6.06,9.77,6.336,0.238,4.04,6.36,Spoiled
2.94,8.12,6.413,0.178,3.62,7.52,Acceptable
8.1,0.17,6.637,0.15,2.52,8.91,Acceptable
3.9,14.92,6.165,0.251,4.81,5.16,Spoiled
3.98,13.89,6.25,0.25,4.55,5.61,Spoiled
6.11,4.61,6.454,0.18,2.63,7.75,Acceptable
2.39,10.52,6.298,0.211,3.74,7.32,Acceptable
9.55,12.07,6.119,0.25,4.8,6.89,Spoiled
9.27,4.15,6.475,0.163,3.15,7.61,Acceptable
4.15,2.81,6.559,0.162,2.61,8.93,Acceptable
5.62,0.77,6.662,0.145,2.51,8.79,Acceptable
4.77,12.32,6.204,0.243,4.28,6.08,Spoiled
6.95,14.76,6.162,0.274,5.1,5.19,Spoiled
6.76,0.15,6.66,0.139,2.29,9.58,Acceptable
9.49,14.39,6.076,0.272,5.0,4.13,Spoiled
8.28,3.85,6.539,0.189,3.36,7.6,Acceptable
8.84,1.92,6.562,0.184,3.18,7.52,Acceptable
5.17,3.07,6.565,0.171,2.82,8.11,Acceptable
6.16,8.25,6.337,0.214,3.89,6.58,Acceptable
5.28,1.01,6.621,0.143,2.21,9.2,Acceptable
7.01,9.69,6.353,0.229,4.23,5.93,Spoiled
9.37,3.18,6.539,0.176,3.22,8.17,Acceptable
5.61,1.71,6.658,0.153,2.52,9.27,Acceptable
3.79,6.9,6.471,0.19,3.37,7.82,Acceptable
8.46,6.98,6.413,0.204,4.09,6.66,Acceptable
9.57,10.94,6.242,0.246,4.91,5.37,Spoiled
3.53,1.81,6.622,0.142,2.58,9.04,Acceptable
2.04,11.05,6.34,0.213,3.94,7.06,Acceptable
3.31,4.97,6.568,0.184,3.15,8.35,Acceptable
9.51,10.56,6.187,0.237,4.68,5.55,Spoiled
7.3,7.25,6.336,0.213,3.86,6.97,Acceptable
5.64,6.72,6.449,0.182,3.85,7.0,Acceptable
8.74,0.78,6.567,0.157,2.53,7.91,Acceptable
8.89,5.15,6.406,0.199,3.46,7.44,Acceptable
8.07,4.14,6.469,0.19,3.43,8.92,Acceptable
5.84,8.2,6.446,0.213,3.57,7.0,Acceptable
6.61,7.69,6.282,0.206,3.54,7.16,Acceptable
6.44,14.58,6.162,0.265,4.62,4.99,Spoiled
5.96,11.42,6.288,0.235,4.01,6.1,Spoiled
2.71,10.44,6.411,0.216,3.89,7.41,Acceptable
5.0,8.82,6.402,0.217,3.84,7.78,Acceptable
2.18,1.88,6.679,0.141,2.2,9.14,Acceptable
9.89,2.49,6.534,0.175,3.45,7.74,Acceptable
5.55,10.72,6.289,0.22,3.99,7.49,Acceptable
3.97,8.83,6.409,0.216,3.61,7.1,Acceptable
5.11,5.3,6.523,0.168,2.98,7.07,Acceptable
3.43,8.73,6.411,0.21,3.7,6.56,Acceptable
8.09,1.93,6.514,0.158,2.67,9.13,Acceptable
3.97,9.51,6.314,0.207,4.14,7.84,Acceptable
9.92,13.77,6.081,0.268,5.49,5.23,Spoiled
4.71,5.51,6.579,0.187,3.0,8.38,Acceptable
9.12,0.58,6.598,0.153,2.57,8.75,Acceptable
6.88,6.71,6.342,0.203,3.47,7.63,Acceptable
6.6,10.93,6.325,0.224,4.66,6.83,Spoiled
3.2,9.96,6.409,0.213,3.62,6.79,Acceptable
3.0,7.4,6.443,0.184,2.96,7.43,Acceptable
9.01,10.54,6.214,0.217,4.33,6.78,Spoiled
9.4,9.61,6.286,0.224,4.64,6.53,Spoiled
5.17,0.78,6.695,0.137,2.47,8.8,Acceptable
4.32,13.2,6.235,0.238,4.41,6.5,Spoiled
2.28,8.51,6.381,0.189,3.35,6.97,Acceptable
7.54,12.81,6.191,0.26,5.16,5.14,Spoiled
6.85,6.59,6.388,0.189,3.52,7.51,Acceptable
8.42,13.61,6.111,0.269,4.8,5.69,Spoiled
9.52,12.29,6.152,0.27,4.98,5.76,Spoiled
4.87,10.84,6.442,0.215,4.26,5.73,Acceptable
5.97,10.56,6.204,0.235,3.73,6.27,Spoiled
9.05,12.76,6.161,0.263,5.0,6.17,Spoiled
5.26,8.43,6.378,0.205,3.37,7.54,Acceptable
6.72,10.32,6.281,0.218,4.47,7.05,Acceptable
9.02,12.34,6.146,0.232,4.87,5.17,Spoiled
7.62,2.29,6.553,0.16,2.93,9.45,Acceptable
8.94,6.87,6.358,0.201,3.76,8.04,Acceptable
8.9,3.48,6.51,0.185,3.08,7.67,Acceptable
3.31,5.22,6.453,0.169,2.82,7.6,Acceptable
3.99,7.79,6.48,0.191,3.68,6.71,Acceptable
6.85,8.42,6.279,0.22,4.0,6.99,Acceptable
8.54,2.44,6.544,0.169,2.44,8.34,Acceptable
7.04,2.79,6.488,0.171,2.82,9.78,Acceptable
8.68,12.77,6.18,0.253,4.56,5.73,Spoiled
9.71,11.4,6.24,0.249,4.76,5.38,Spoiled
4.58,2.78,6.623,0.152,2.56,8.43,Acceptable
9.89,6.6,6.383,0.201,4.51,6.68,Acceptable
5.07,0.95,6.684,0.14,2.07,8.5,Acceptable
2.37,12.18,6.315,0.223,3.88,6.54,Spoiled
5.42,1.19,6.625,0.149,2.74,9.5,Acceptable
8.31,6.52,6.329,0.196,3.55,7.26,Acceptable
8.53,2.78,6.564,0.179,2.73,8.63,Acceptable
9.32,6.84,6.323,0.203,3.95,6.84,Acceptable
7.21,11.43,6.287,0.239,4.54,5.68,Spoiled
4.51,3.4,6.569,0.178,3.01,7.96,Acceptable
2.67,10.15,6.352,0.205,3.64,7.6,Acceptable
7.65,3.25,6.467,0.17,2.99,7.33,Acceptable
4.06,5.89,6.512,0.175,3.16,8.27,Acceptable
7.24,5.66,6.418,0.179,3.04,7.69,Acceptable
6.74,2.63,6.56,0.164,2.74,8.69,Acceptable
6.33,5.3,6.491,0.185,3.21,7.47,Acceptable
4.48,9.46,6.354,0.212,3.52,6.19,Acceptable
9.55,6.87,6.366,0.198,3.81,6.67,Acceptable
6.18,12.78,6.174,0.254,4.59,6.48,Spoiled
8.0,10.9,6.301,0.25,4.32,5.72,Spoiled
7.78,13.3,6.145,0.256,4.7,4.57,Spoiled
7.01,11.72,6.276,0.239,4.74,7.23,Spoiled
7.62,7.14,6.388,0.19,3.65,7.04,Acceptable
9.81,11.62,6.219,0.25,4.63,4.78,Spoiled
3.49,9.93,6.363,0.197,3.78,6.95,Acceptable
5.61,7.77,6.373,0.211,3.86,7.36,Acceptable
6.2,12.84,6.252,0.264,4.52,6.05,Spoiled
8.82,2.06,6.524,0.167,3.04,7.78,Acceptable
6.1,7.8,6.445,0.199,3.84,7.42,Acceptable
9.6,9.72,6.298,0.234,4.33,5.58,Spoiled
3.59,2.52,6.66,0.152,2.17,8.69,Acceptable
8.17,10.87,6.227,0.236,4.61,5.32,Spoiled
9.97,5.43,6.337,0.21,3.6,6.72,Acceptable
9.59,4.09,6.455,0.18,3.74,7.68,Acceptable
2.46,9.44,6.38,0.206,3.46,6.61,Acceptable
5.01,4.92,6.497,0.168,3.11,7.82,Acceptable
9.58,7.76,6.298,0.206,4.04,6.59,Acceptable
8.77,5.77,6.391,0.212,3.64,7.2,Acceptable
8.64,12.44,6.242,0.261,4.63,5.48,Spoiled
7.22,5.57,6.482,0.184,3.26,8.9,Acceptable
8.09,9.34,6.344,0.225,3.8,6.57,Spoiled
3.66,5.11,6.548,0.181,2.77,8.27,Acceptable
7.57,12.51,6.178,0.247,4.93,5.97,Spoiled
2.59,9.63,6.386,0.21,3.56,6.67,Acceptable
4.49,14.82,6.181,0.258,4.86,5.93,Spoiled
5.99,1.72,6.577,0.144,2.54,9.33,Acceptable
4.65,8.92,6.375,0.215,3.7,7.22,Acceptable
5.75,6.32,6.418,0.197,3.28,8.31,Acceptable
8.11,0.46,6.618,0.159,2.77,9.25,Acceptable
2.9,4.19,6.58,0.15,2.84,9.07,Acceptable
7.83,6.94,6.437,0.189,3.69,7.33,Acceptable
3.48,1.13,6.656,0.132,2.2,9.13,Acceptable
2.58,4.05,6.557,0.155,2.54,9.18,Acceptable
2.89,1.56,6.648,0.135,2.12,8.96,Acceptable
2.96,7.07,6.438,0.193,3.32,7.35,Acceptable
3.04,4.7,6.545,0.178,2.6,8.97,Acceptable
9.14,9.09,6.295,0.23,3.81,6.53,Spoiled
6.97,6.96,6.365,0.195,3.57,7.76,Acceptable
4.56,11.19,6.296,0.229,4.04,6.83,Spoiled
6.33,14.4,6.125,0.258,4.94,4.72,Spoiled
6.21,4.33,6.54,0.168,3.25,9.32,Acceptable
4.93,14.51,6.162,0.253,4.49,5.74,Spoiled
9.26,1.04,6.593,0.155,3.01,8.19,Acceptable
7.52,14.75,6.082,0.275,5.49,4.55,Spoiled
9.45,10.42,6.255,0.249,4.5,6.44,Spoiled
8.16,11.83,6.178,0.245,4.79,5.54,Spoiled
8.99,0.86,6.54,0.141,2.69,8.78,Acceptable
8.68,12.4,6.183,0.256,4.83,6.1,Spoiled
8.63,11.71,6.168,0.256,4.51,5.53,Spoiled
4.7,13.53,6.23,0.248,4.69,5.77,Spoiled
7.76,9.51,6.302,0.235,4.0,5.82,Spoiled
6.16,9.82,6.323,0.227,3.73,7.27,Spoiled
7.16,5.52,6.422,0.199,3.61,7.72,Acceptable
4.94,1.52,6.628,0.145,2.31,9.6,Acceptable
2.3,11.33,6.363,0.22,3.58,6.63,Acceptable
6.94,6.38,6.474,0.203,3.4,9.02,Acceptable
7.46,12.61,6.248,0.26,4.56,7.15,Spoiled
9.87,3.7,6.436,0.188,3.42,8.0,Acceptable
9.14,8.37,6.339,0.238,4.06,6.65,Spoiled
8.66,2.05,6.517,0.149,3.27,8.11,Acceptable
4.36,8.03,6.347,0.188,3.45,7.29,Acceptable
8.95,11.39,6.213,0.257,4.6,6.28,Spoiled
9.4,4.49,6.496,0.18,3.68,8.98,Acceptable
7.66,11.47,6.247,0.241,4.45,6.43,Spoiled
2.67,6.51,6.507,0.174,2.88,8.52,Acceptable
2.16,13.75,6.214,0.231,4.22,5.95,Spoiled
4.04,4.38,6.504,0.163,3.32,8.02,Acceptable
6.45,12.02,6.229,0.244,4.5,5.86,Spoiled
4.77,7.85,6.405,0.205,3.2,7.74,Acceptable
8.45,14.88,6.129,0.274,5.23,4.56,Spoiled
3.34,10.24,6.309,0.224,3.71,8.01,Spoiled
8.07,7.82,6.335,0.219,3.89,6.47,Acceptable
2.23,6.18,6.476,0.172,2.32,8.48,Acceptable
4.81,2.95,6.595,0.164,2.37,8.97,Acceptable
7.06,6.28,6.489,0.192,3.75,7.42,Acceptable
2.94,1.78,6.653,0.141,2.41,9.06,Acceptable
7.93,3.63,6.559,0.172,3.22,8.78,Acceptable
5.13,12.83,6.202,0.248,4.27,5.16,Spoiled
4.28,1.34,6.604,0.126,2.36,8.92,Acceptable
6.29,3.7,6.558,0.171,2.85,8.36,Acceptable
8.24,4.26,6.461,0.18,2.83,8.34,Acceptable
5.02,3.59,6.561,0.156,2.76,8.57,Acceptable
7.25,1.04,6.633,0.154,2.7,9.37,Acceptable
8.52,0.72,6.598,0.146,2.74,9.12,Acceptable
3.03,3.76,6.599,0.163,2.49,9.08,Acceptable
5.09,6.04,6.49,0.184,3.22,7.32,Acceptable
7.54,7.71,6.361,0.21,4.12,7.95,Acceptable
6.65,12.97,6.187,0.25,4.96,5.31,Spoiled
4.19,8.31,6.455,0.199,3.47,7.38,Acceptable
2.17,0.99,6.684,0.136,1.67,9.35,Acceptable
9.16,11.34,6.241,0.252,4.64,5.74,Spoiled
2.1,9.69,6.403,0.198,3.18,7.56,Acceptable
3.82,8.29,6.447,0.186,3.84,8.55,Acceptable
8.93,8.0,6.336,0.222,3.85,6.67,Spoiled
6.2,4.43,6.564,0.18,2.96,8.01,Acceptable
3.29,1.89,6.547,0.146,2.29,9.07,Acceptable
8.61,7.08,6.412,0.221,4.14,6.96,Spoiled
6.69,6.91,6.411,0.177,3.63,8.06,Acceptable
4.77,0.68,6.715,0.146,2.22,9.63,Acceptable
9.02,8.9,6.309,0.235,4.14,6.17,Spoiled
3.98,4.39,6.537,0.165,2.69,8.09,Acceptable
4.81,14.33,6.095,0.262,4.94,5.6,Spoiled
8.8,6.49,6.38,0.211,3.73,7.97,Acceptable
9.02,4.06,6.472,0.194,3.24,7.68,Acceptable
6.56,1.65,6.628,0.153,2.78,7.76,Acceptable
6.32,4.31,6.466,0.166,3.11,8.07,Acceptable
2.76,7.59,6.42,0.189,3.06,7.62,Acceptable
9.42,4.76,6.416,0.2,3.38,6.98,Acceptable
2.18,13.5,6.308,0.244,4.23,6.46,Spoiled
5.98,7.81,6.374,0.189,3.57,7.66,Acceptable
5.75,3.9,6.5,0.175,2.72,9.21,Acceptable
5.84,14.26,6.135,0.26,4.87,5.66,Spoiled
8.79,6.59,6.309,0.213,3.45,6.8,Acceptable
9.65,13.38,6.127,0.266,5.02,5.54,Spoiled
3.19,2.72,6.593,0.155,2.16,8.8,Acceptable
2.68,0.88,6.714,0.136,1.67,8.21,Acceptable
10.0,8.48,6.221,0.227,4.52,6.71,Spoiled
2.2,14.64,6.165,0.25,4.65,5.35,Spoiled
9.78,7.64,6.38,0.215,3.94,7.15,Acceptable
4.72,11.11,6.27,0.221,4.08,7.03,Spoiled
9.14,12.21,6.19,0.251,4.54,5.89,Spoiled
5.99,3.14,6.532,0.165,2.89,8.62,Acceptable
7.47,13.99,6.112,0.265,5.18,5.84,Spoiled
7.22,11.71,6.2,0.235,4.37,5.7,Spoiled
2.93,8.2,6.421,0.197,2.99,7.04,Acceptable
2.41,11.73,6.346,0.237,3.48,6.64,Spoiled
8.96,14.89,6.049,0.282,5.59,5.34,Spoiled
6.66,4.67,6.526,0.177,3.22,7.67,Acceptable
3.33,7.33,6.517,0.201,3.23,8.44,Acceptable
9.17,1.04,6.554,0.168,2.89,7.93,Acceptable
8.02,6.25,6.361,0.189,3.56,7.65,Acceptable
5.23,10.04,6.353,0.227,3.88,7.48,Spoiled
4.73,3.27,6.547,0.171,2.41,9.66,Acceptable
4.7,11.93,6.243,0.225,4.24,5.99,Spoiled
7.57,10.6,6.265,0.234,4.2,6.31,Spoiled
5.19,4.64,6.543,0.166,2.71,8.06,Acceptable
9.24,4.9,6.394,0.192,3.41,7.33,Acceptable
3.57,1.98,6.618,0.148,2.41,8.62,Acceptable
8.58,11.65,6.202,0.245,4.54,5.75,Spoiled
4.73,12.53,6.313,0.249,4.44,6.8,Spoiled
7.48,4.08,6.537,0.182,2.88,8.64,Acceptable
5.11,10.78,6.269,0.223,3.96,6.61,Spoiled
2.36,2.96,6.58,0.136,2.19,8.97,Acceptable
4.26,0.14,6.679,0.144,2.17,9.41,Acceptable
5.0,7.79,6.447,0.196,3.64,6.86,Acceptable
5.11,11.65,6.244,0.231,4.25,7.38,Spoiled
7.34,13.35,6.166,0.27,4.68,5.73,Spoiled
7.9,9.55,6.33,0.234,4.5,6.2,Spoiled
9.49,9.95,6.254,0.23,4.53,6.11,Spoiled
9.94,14.11,6.159,0.282,4.92,5.34,Spoiled
6.95,0.75,6.642,0.152,2.17,8.89,Acceptable
3.57,6.17,6.521,0.169,3.29,7.83,Acceptable
3.94,10.97,6.32,0.218,3.98,6.85,Acceptable
6.44,7.21,6.364,0.203,3.53,5.88,Acceptable
8.39,14.22,6.12,0.265,5.19,4.66,Spoiled
9.77,13.41,6.162,0.281,5.22,4.49,Spoiled
6.1,13.02,6.219,0.234,4.75,5.56,Spoiled
8.22,1.33,6.584,0.155,2.8,8.4,Acceptable
5.42,10.35,6.337,0.225,4.36,6.63,Spoiled
6.33,7.74,6.35,0.205,3.51,7.25,Acceptable
8.5,2.97,6.437,0.175,2.59,8.63,Acceptable
5.78,1.0,6.662,0.142,2.42,9.08,Acceptable
5.29,14.44,6.153,0.26,5.23,5.93,Spoiled
2.96,10.39,6.416,0.217,3.62,6.74,Acceptable
5.98,12.41,6.181,0.242,4.28,6.65,Spoiled
2.91,14.63,6.175,0.239,4.35,5.55,Spoiled
3.25,4.13,6.534,0.137,2.59,7.94,Acceptable
2.3,10.15,6.451,0.217,4.03,6.49,Acceptable
6.67,14.57,6.175,0.269,5.16,4.82,Spoiled
7.05,6.73,6.418,0.199,3.6,7.32,Acceptable
5.08,3.23,6.589,0.156,2.69,8.53,Acceptable
9.9,6.78,6.31,0.211,3.69,6.99,Acceptable
6.85,4.4,6.481,0.184,2.96,8.26,Acceptable
3.78,5.21,6.582,0.187,3.0,8.81,Acceptable
2.41,14.35,6.195,0.245,4.36,6.24,Spoiled
8.94,5.9,6.402,0.201,3.62,7.88,Acceptable
6.43,0.63,6.646,0.145,2.44,9.65,Acceptable
10.0,12.85,6.098,0.258,4.75,5.74,Spoiled
6.3,11.11,6.306,0.236,4.4,6.63,Spoiled
9.89,4.23,6.427,0.185,3.36,8.33,Acceptable
6.12,3.07,6.592,0.168,2.76,9.48,Acceptable
3.13,9.06,6.36,0.215,3.18,7.17,Acceptable
9.53,14.77,6.096,0.278,5.4,4.9,Spoiled
4.83,9.85,6.302,0.217,3.76,6.37,Acceptable
4.7,2.27,6.573,0.16,2.29,8.58,Acceptable
5.79,13.92,6.207,0.252,4.47,5.48,Spoiled
8.32,0.05,6.594,0.143,2.49,9.13,Acceptable
2.72,14.88,6.198,0.251,4.76,5.61,Spoiled
6.74,12.05,6.215,0.231,4.62,5.86,Spoiled
5.01,5.21,6.47,0.174,2.93,8.84,Acceptable
7.06,2.2,6.557,0.163,2.72,7.92,Acceptable
8.32,1.43,6.567,0.145,2.6,9.34,Acceptable
3.69,4.24,6.511,0.156,3.01,8.79,Acceptable
2.09,4.53,6.538,0.151,2.72,9.16,Acceptable
9.3,13.0,6.099,0.263,5.19,5.68,Spoiled
6.73,12.26,6.192,0.244,4.23,5.96,Spoiled
3.49,13.96,6.143,0.252,4.58,5.51,Spoiled
6.69,10.68,6.263,0.219,4.06,6.71,Acceptable
3.81,12.09,6.269,0.238,4.03,6.38,Spoiled
9.9,0.33,6.601,0.151,2.64,8.17,Acceptable
8.36,5.58,6.468,0.184,3.82,7.98,Acceptable
3.34,1.92,6.624,0.136,2.44,8.98,Acceptable
6.99,7.28,6.36,0.209,3.64,6.78,Acceptable
6.96,2.38,6.51,0.164,2.55,8.76,Acceptable
9.32,5.21,6.386,0.19,3.8,7.59,Acceptable
8.52,12.94,6.164,0.245,4.85,5.19,Spoiled
2.94,3.9,6.654,0.161,2.76,8.47,Acceptable
3.03,9.85,6.365,0.208,3.34,7.04,Acceptable
2.94,1.41,6.645,0.136,2.01,9.3,Acceptable
4.9,5.22,6.447,0.18,2.73,7.72,Acceptable
3.42,1.2,6.748,0.146,2.01,10.0,Acceptable
3.56,1.96,6.678,0.155,2.53,8.99,Acceptable
7.32,13.54,6.097,0.258,5.08,5.5,Spoiled
7.7,0.87,6.572,0.144,2.61,8.99,Acceptable
7.07,13.79,6.181,0.252,4.98,5.87,Spoiled
2.96,9.97,6.439,0.236,3.69,6.92,Spoiled
9.16,9.61,6.245,0.216,4.22,6.73,Spoiled
2.75,4.55,6.553,0.151,2.6,7.92,Acceptable
4.19,3.42,6.554,0.168,2.44,9.16,Acceptable
3.37,14.42,6.152,0.272,4.4,5.88,Spoiled
7.28,12.93,6.178,0.261,5.22,6.23,Spoiled
5.96,1.6,6.576,0.156,2.56,10.0,Acceptable
6.06,10.06,6.29,0.209,4.5,6.97,Acceptable
3.83,3.51,6.598,0.168,2.4,9.88,Acceptable
7.47,2.72,6.573,0.168,2.64,8.13,Acceptable
9.23,2.47,6.523,0.169,3.2,8.24,Acceptable
4.89,7.67,6.382,0.208,3.49,8.13,Acceptable
8.95,13.78,6.171,0.271,5.03,5.21,Spoiled
2.75,9.02,6.392,0.205,3.38,8.32,Acceptable
7.02,7.24,6.382,0.205,3.83,7.88,Acceptable
3.79,5.02,6.542,0.173,2.63,8.43,Acceptable
7.78,5.62,6.436,0.197,3.42,7.91,Acceptable
9.2,2.92,6.471,0.16,2.92,7.99,Acceptable
5.65,7.29,6.454,0.193,3.6,6.81,Acceptable
5.92,13.4,6.162,0.25,4.34,5.98,Spoiled
4.77,0.15,6.712,0.133,1.77,8.81,Acceptable
2.6,9.36,6.411,0.212,3.4,8.04,Acceptable
8.4,4.78,6.409,0.191,3.34,7.79,Acceptable
5.89,1.53,6.608,0.17,2.45,8.76,Acceptable
9.69,0.65,6.597,0.173,2.89,8.42,Acceptable
3.3,11.39,6.296,0.23,3.61,7.0,Spoiled
2.54,9.54,6.399,0.197,3.43,7.62,Acceptable
7.15,11.57,6.194,0.249,4.28,7.41,Spoiled
9.02,11.42,6.179,0.251,4.62,6.19,Spoiled
4.87,10.02,6.327,0.217,3.89,7.08,Acceptable
9.72,4.22,6.45,0.179,3.67,7.16,Acceptable
7.2,13.79,6.13,0.244,4.9,4.86,Spoiled
2.89,14.98,6.193,0.242,4.8,5.91,Spoiled
9.02,2.25,6.552,0.182,2.91,8.82,Acceptable
7.83,1.44,6.599,0.155,2.85,8.12,Acceptable
6.42,7.58,6.414,0.196,3.53,7.9,Acceptable
6.62,7.91,6.374,0.221,4.07,6.77,Spoiled
8.5,11.83,6.204,0.258,4.61,5.88,Spoiled
9.45,11.0,6.207,0.233,4.71,5.64,Spoiled
8.4,3.03,6.494,0.188,3.49,8.2,Acceptable
7.53,1.21,6.609,0.148,2.87,8.95,Acceptable
5.46,3.65,6.507,0.168,2.73,8.19,Acceptable
2.64,3.71,6.582,0.158,2.67,8.71,Acceptable
3.21,11.75,6.349,0.225,3.76,6.83,Spoiled
5.79,6.48,6.432,0.194,3.03,7.63,Acceptable
4.97,3.77,6.562,0.163,3.02,9.39,Acceptable
3.78,11.98,6.284,0.231,4.0,6.47,Spoiled
5.79,11.89,6.211,0.232,4.52,6.83,Spoiled
4.17,3.55,6.626,0.163,2.56,9.22,Acceptable
4.15,2.21,6.621,0.146,2.55,8.55,Acceptable
8.94,13.38,6.146,0.271,4.81,5.13,Spoiled
4.19,0.26,6.683,0.132,2.21,9.59,Acceptable
7.15,10.39,6.328,0.231,4.23,6.46,Spoiled
9.11,11.83,6.191,0.263,4.75,6.46,Spoiled
8.75,14.6,6.107,0.27,5.27,5.55,Spoiled
7.62,3.82,6.486,0.171,2.96,8.19,Acceptable
4.44,2.72,6.589,0.137,2.81,8.15,Acceptable
6.85,5.29,6.419,0.182,3.33,7.9,Acceptable
6.63,3.61,6.577,0.167,2.94,8.84,Acceptable
3.85,10.71,6.338,0.209,4.02,6.6,Acceptable
2.41,11.86,6.293,0.231,4.07,6.51,Spoiled
5.51,1.18,6.563,0.142,2.45,9.26,Acceptable
9.18,7.54,6.299,0.221,4.31,6.71,Spoiled
3.12,5.82,6.535,0.182,3.04,8.67,Acceptable
2.09,9.64,6.394,0.199,3.04,7.71,Acceptable
9.86,12.56,6.141,0.269,4.99,5.09,Spoiled
3.21,11.61,6.267,0.226,4.2,6.67,Spoiled
5.51,2.87,6.54,0.162,2.25,8.38,Acceptable
3.61,4.46,6.559,0.162,2.49,8.19,Acceptable
9.6,14.95,6.107,0.286,5.17,5.01,Spoiled
9.36,14.33,6.076,0.266,5.17,4.7,Spoiled
2.49,6.6,6.508,0.187,3.18,7.87,Acceptable
7.07,5.0,6.5,0.18,2.87,7.94,Acceptable
4.63,8.9,6.393,0.192,3.66,7.15,Acceptable
7.11,11.31,6.175,0.232,4.57,5.75,Spoiled
5.81,8.15,6.464,0.204,3.66,7.27,Acceptable
2.97,11.9,6.269,0.237,4.12,6.05,Spoiled
3.12,10.64,6.36,0.23,3.95,6.39,Spoiled
5.78,10.76,6.235,0.222,4.14,5.88,Spoiled
6.02,8.9,6.339,0.215,3.79,7.13,Acceptable
9.03,5.4,6.488,0.196,3.65,8.48,Acceptable
7.33,8.17,6.313,0.218,3.82,5.64,Acceptable
4.68,12.44,6.29,0.249,4.39,5.77,Spoiled
9.8,0.86,6.544,0.153,2.67,8.21,Acceptable
9.76,10.77,6.172,0.238,4.65,6.77,Spoiled
8.87,9.24,6.297,0.229,4.17,6.42,Spoiled
6.63,9.89,6.366,0.224,3.94,6.41,Spoiled
4.59,3.9,6.574,0.157,2.96,8.74,Acceptable
9.15,11.21,6.289,0.238,4.58,5.59,Spoiled
7.89,6.25,6.396,0.187,3.66,6.95,Acceptable
3.5,9.97,6.353,0.219,3.9,6.83,Acceptable
8.0,13.7,6.163,0.251,4.73,4.88,Spoiled
7.83,6.71,6.35,0.207,3.64,7.94,Acceptable
3.64,5.19,6.552,0.17,2.99,7.88,Acceptable
7.67,6.06,6.416,0.199,3.33,8.5,Acceptable
7.57,7.32,6.302,0.217,3.67,7.09,Acceptable
2.33,9.85,6.397,0.21,3.27,7.47,Acceptable
8.45,3.39,6.573,0.171,3.24,8.21,Acceptable
4.52,11.53,6.292,0.235,4.29,6.3,Spoiled
2.21,6.17,6.506,0.192,2.78,8.51,Acceptable
9.4,13.9,6.185,0.256,5.51,4.69,Spoiled
4.74,3.56,6.599,0.163,2.84,7.95,Acceptable
6.21,7.48,6.424,0.198,3.36,8.08,Acceptable
4.49,9.03,6.365,0.193,3.43,5.44,Acceptable
9.07,11.23,6.211,0.252,4.41,5.79,Spoiled
5.05,8.4,6.403,0.201,3.68,7.22,Acceptable
4.34,5.27,6.515,0.167,2.77,7.52,Acceptable
2.21,11.33,6.341,0.223,4.02,6.9,Spoiled
8.88,4.12,6.48,0.181,3.37,7.32,Acceptable
5.93,5.58,6.434,0.188,3.25,7.91,Acceptable
8.09,8.42,6.309,0.206,3.87,7.41,Acceptable
9.13,7.77,6.287,0.208,4.25,6.95,Acceptable
7.97,10.43,6.286,0.237,4.49,6.18,Spoiled
4.14,2.11,6.625,0.154,2.55,9.33,Acceptable
5.91,11.55,6.197,0.226,4.25,5.99,Spoiled
9.9,13.25,6.071,0.26,5.32,5.32,Spoiled
3.73,4.11,6.584,0.158,2.63,8.24,Acceptable
6.49,1.56,6.625,0.134,2.47,9.29,Acceptable
4.0,12.7,6.271,0.239,3.89,4.89,Spoiled
4.37,6.08,6.459,0.196,2.91,8.5,Acceptable
4.31,6.91,6.493,0.189,3.28,7.7,Acceptable
9.34,8.66,6.291,0.208,4.11,6.17,Acceptable
5.92,5.4,6.455,0.187,2.93,7.79,Acceptable
7.65,2.85,6.519,0.171,2.99,8.1,Acceptable
5.71,4.65,6.49,0.159,3.14,8.27,Acceptable
9.58,2.94,6.487,0.155,3.39,7.26,Acceptable
5.67,0.41,6.686,0.126,2.08,9.29,Acceptable
3.08,0.63,6.667,0.124,2.17,9.03,Acceptable
2.51,10.62,6.308,0.206,3.58,7.42,Acceptable
4.25,7.45,6.492,0.198,3.66,6.78,Acceptable
6.96,8.18,6.404,0.218,3.65,7.54,Acceptable
3.22,8.58,6.401,0.205,3.27,7.21,Acceptable
9.46,13.6,6.087,0.27,5.04,5.7,Spoiled
6.26,7.91,6.393,0.211,3.77,7.03,Acceptable
8.53,12.59,6.237,0.253,4.73,5.33,Spoiled
7.91,2.45,6.553,0.157,3.28,7.84,Acceptable
3.23,9.16,6.423,0.211,3.46,6.3,Acceptable
8.43,14.91,6.072,0.277,5.27,4.74,Spoiled
5.7,11.92,6.189,0.233,4.5,5.78,Spoiled
2.72,13.33,6.304,0.221,3.72,6.77,Spoiled
3.8,3.86,6.603,0.16,2.86,8.82,Acceptable
6.31,10.96,6.267,0.243,4.28,6.71,Spoiled
4.27,2.13,6.638,0.155,2.35,9.08,Acceptable
5.58,13.35,6.171,0.237,4.48,5.51,Spoiled
2.55,10.89,6.349,0.202,3.41,6.07,Acceptable
4.88,5.64,6.503,0.178,3.2,7.59,Acceptable
3.02,3.6,6.545,0.16,2.7,7.75,Acceptable
4.18,5.84,6.545,0.178,2.95,8.03,Acceptable
4.67,9.12,6.323,0.214,3.65,7.2,Acceptable
3.24,1.85,6.591,0.162,2.24,8.88,Acceptable
4.49,12.09,6.236,0.246,4.28,5.95,Spoiled
5.18,10.68,6.288,0.221,3.84,6.28,Spoiled
7.56,3.05,6.521,0.171,2.95,8.11,Acceptable
7.73,4.59,6.442,0.186,2.99,7.3,Acceptable
5.18,9.78,6.324,0.224,3.94,6.48,Spoiled
8.91,13.07,6.104,0.261,4.74,6.01,Spoiled
3.25,5.7,6.556,0.173,2.83,8.17,Acceptable
7.86,14.34,6.131,0.269,5.19,5.47,Spoiled
9.49,13.62,6.144,0.261,5.04,4.96,Spoiled
6.15,7.32,6.405,0.189,3.59,6.92,Acceptable
9.97,4.33,6.484,0.194,3.49,7.72,Acceptable
7.38,4.45,6.492,0.169,3.38,8.32,Acceptable
4.97,10.62,6.279,0.222,4.05,6.17,Spoiled
8.98,8.6,6.324,0.227,3.88,6.79,Spoiled
7.44,9.05,6.37,0.223,4.34,6.77,Spoiled
4.9,5.54,6.521,0.173,3.34,8.23,Acceptable
2.25,5.58,6.531,0.184,2.65,8.75,Acceptable
7.81,5.25,6.425,0.198,3.23,7.52,Acceptable
7.07,13.35,6.157,0.274,5.0,4.18,Spoiled
9.7,0.31,6.553,0.141,2.44,8.17,Acceptable
4.23,10.63,6.336,0.224,4.26,6.88,Spoiled
8.9,13.19,6.153,0.255,4.61,4.59,Spoiled
9.76,14.27,6.072,0.27,5.02,5.42,Spoiled
6.25,3.36,6.55,0.177,2.45,7.4,Acceptable
3.12,4.52,6.585,0.155,2.45,7.53,Acceptable
3.41,10.3,6.339,0.21,4.17,7.59,Acceptable
6.64,1.53,6.552,0.152,2.75,8.64,Acceptable
2.1,0.36,6.712,0.125,1.84,10.0,Acceptable
9.49,14.46,6.063,0.273,5.26,5.37,Spoiled
7.96,12.39,6.261,0.254,4.6,5.78,Spoiled
8.04,11.76,6.209,0.246,4.41,5.24,Spoiled
5.35,0.94,6.66,0.137,2.58,9.47,Acceptable
6.39,3.09,6.525,0.153,3.34,8.24,Acceptable
4.33,13.91,6.251,0.257,4.86,5.21,Spoiled
9.44,9.8,6.261,0.241,4.13,6.01,Spoiled
8.47,1.83,6.529,0.168,2.87,8.16,Acceptable
3.45,6.14,6.517,0.178,3.57,8.38,Acceptable
4.78,0.02,6.668,0.142,1.86,7.87,Acceptable
7.94,8.66,6.357,0.205,4.14,6.8,Acceptable
2.09,5.52,6.515,0.181,2.7,8.65,Acceptable
8.95,2.4,6.519,0.17,2.95,8.71,Acceptable
3.98,2.27,6.67,0.138,2.24,9.13,Acceptable
9.15,4.75,6.457,0.197,3.58,7.48,Acceptable
8.15,0.75,6.669,0.16,2.27,8.76,Acceptable
9.43,7.22,6.271,0.205,3.6,6.17,Acceptable
5.27,10.31,6.243,0.224,3.82,6.98,Spoiled
3.45,2.1,6.638,0.14,2.15,9.94,Acceptable
9.12,10.94,6.219,0.241,4.47,6.52,Spoiled
9.89,1.31,6.51,0.154,2.85,8.8,Acceptable
6.83,13.2,6.203,0.238,4.96,5.59,Spoiled
9.18,13.11,6.193,0.267,5.35,5.84,Spoiled
4.95,10.02,6.336,0.223,3.79,7.55,Spoiled
6.45,14.07,6.179,0.254,4.84,5.0,Spoiled
4.79,4.95,6.558,0.157,2.77,8.05,Acceptable
2.04,12.1,6.248,0.213,4.12,7.69,Spoiled
6.2,13.47,6.129,0.267,4.63,5.31,Spoiled
8.89,8.04,6.382,0.229,4.03,7.25,Spoiled
6.33,14.34,6.161,0.271,4.82,4.97,Spoiled
4.67,4.14,6.575,0.175,3.09,8.31,Acceptable
8.26,7.44,6.321,0.215,3.74,6.81,Acceptable
2.74,2.62,6.606,0.149,2.66,9.4,Acceptable
6.74,10.54,6.226,0.25,4.49,6.66,Spoiled
4.18,11.43,6.261,0.233,4.05,6.79,Spoiled
7.26,14.68,6.131,0.269,4.61,4.83,Spoiled
5.85,10.11,6.288,0.227,4.05,6.32,Spoiled
3.65,12.86,6.289,0.229,4.25,5.76,Spoiled
4.73,5.19,6.522,0.184,3.28,7.49,Acceptable
6.25,11.06,6.325,0.242,4.28,6.65,Spoiled
6.67,14.35,6.129,0.262,5.49,5.01,Spoiled
5.62,8.48,6.416,0.215,3.58,6.31,Acceptable
5.44,4.36,6.494,0.174,2.62,7.34,Acceptable
5.79,8.17,6.35,0.211,3.63,7.04,Acceptable
8.48,13.5,6.116,0.263,4.83,5.16,Spoiled
4.3,13.94,6.188,0.26,4.5,6.01,Spoiled
2.59,3.89,6.633,0.153,2.51,9.26,Acceptable
8.09,4.58,6.509,0.18,2.81,8.44,Acceptable
8.97,7.79,6.349,0.225,3.92,7.21,Spoiled
4.43,9.71,6.334,0.217,4.07,7.41,Acceptable
2.34,4.82,6.576,0.169,2.93,7.95,Acceptable
2.91,1.02,6.611,0.127,1.74,10.0,Acceptable
7.17,6.76,6.444,0.205,3.82,7.0,Acceptable
5.18,0.99,6.615,0.143,2.2,9.14,Acceptable
2.27,10.84,6.356,0.211,3.66,7.22,Acceptable
2.65,0.14,6.715,0.12,1.94,9.4,Acceptable
7.9,6.03,6.419,0.193,3.56,6.6,Acceptable
8.95,4.56,6.451,0.205,3.45,7.85,Acceptable
2.75,9.56,6.399,0.216,3.63,7.23,Acceptable
6.52,0.55,6.61,0.144,2.33,10.0,Acceptable
3.95,0.93,6.629,0.139,1.77,9.92,Acceptable
3.6,4.27,6.545,0.172,3.24,8.75,Acceptable
8.57,12.38,6.139,0.255,5.17,6.14,Spoiled
7.41,12.93,6.117,0.247,4.88,6.53,Spoiled
7.05,9.23,6.384,0.218,4.03,6.64,Acceptable
2.78,10.22,6.332,0.211,3.39,7.81,Acceptable
6.99,1.72,6.606,0.167,2.53,8.86,Acceptable
6.93,7.31,6.343,0.204,3.83,7.0,Acceptable
9.71,0.39,6.516,0.153,2.7,7.94,Acceptable
3.14,6.68,6.428,0.185,2.98,7.83,Acceptable
9.03,11.79,6.195,0.259,4.55,6.58,Spoiled
4.24,11.49,6.299,0.226,3.76,5.51,Spoiled
4.87,8.87,6.332,0.214,3.49,6.98,Acceptable
5.02,12.87,6.316,0.244,4.36,6.36,Spoiled
2.31,11.13,6.307,0.227,4.23,7.19,Spoiled
7.24,12.71,6.205,0.251,4.72,5.76,Spoiled
8.97,3.18,6.517,0.171,2.92,7.95,Acceptable
8.37,5.82,6.389,0.205,3.31,6.38,Acceptable
7.39,0.64,6.662,0.156,2.66,8.13,Acceptable
7.66,12.04,6.242,0.245,4.98,6.37,Spoiled
4.94,9.01,6.385,0.211,3.76,7.18,Acceptable
6.15,6.66,6.447,0.189,3.29,7.71,Acceptable
7.5,1.87,6.595,0.177,2.57,7.94,Acceptable
2.04,10.71,6.382,0.2,3.72,6.06,Acceptable
7.56,1.14,6.548,0.143,2.16,9.34,Acceptable
7.27,11.83,6.271,0.24,4.6,5.25,Spoiled
5.28,0.41,6.704,0.142,2.29,9.6,Acceptable
3.16,3.95,6.565,0.16,2.64,8.97,Acceptable
5.94,6.29,6.382,0.184,2.87,7.85,Acceptable
7.81,7.31,6.382,0.213,3.65,8.01,Acceptable
2.61,10.0,6.357,0.222,4.13,6.7,Spoiled
3.28,3.43,6.624,0.146,2.4,9.34,Acceptable
6.07,5.32,6.451,0.188,2.99,7.59,Acceptable
2.61,1.58,6.649,0.147,2.36,9.01,Acceptable
7.27,6.43,6.458,0.197,3.42,7.78,Acceptable
6.53,9.66,6.298,0.227,4.18,7.07,Spoiled
9.16,13.26,6.133,0.256,5.02,5.14,Spoiled
3.92,4.55,6.576,0.168,2.92,7.58,Acceptable
8.61,0.53,6.593,0.144,2.38,9.29,Acceptable
2.24,13.81,6.217,0.238,4.1,6.47,Spoiled
7.31,3.24,6.527,0.174,3.19,8.28,Acceptable
2.98,12.73,6.319,0.23,4.22,5.82,Spoiled
8.9,6.51,6.386,0.197,3.78,6.91,Acceptable
6.81,9.12,6.268,0.213,3.62,6.49,Acceptable
7.64,9.4,6.281,0.224,4.41,6.38,Spoiled
7.82,14.26,6.169,0.262,5.12,5.29,Spoiled
8.99,11.92,6.169,0.247,4.83,5.88,Spoiled
5.39,8.97,6.373,0.204,3.7,6.79,Acceptable
4.54,3.62,6.522,0.17,2.91,8.42,Acceptable
4.35,2.32,6.628,0.152,2.57,9.57,Acceptable
4.72,7.15,6.442,0.192,3.35,7.77,Acceptable
3.85,12.34,6.256,0.225,4.26,6.98,Spoiled
9.61,14.77,6.039,0.268,5.4,5.23,Spoiled
5.88,6.27,6.516,0.195,2.92,8.24,Acceptable
6.93,3.61,6.571,0.168,3.11,8.38,Acceptable
2.7,14.41,6.207,0.251,4.51,5.47,Spoiled
3.12,1.47,6.657,0.151,2.37,9.91,Acceptable
9.27,0.54,6.606,0.149,2.87,9.12,Acceptable
2.35,4.1,6.585,0.168,2.32,8.5,Acceptable
2.16,12.29,6.356,0.23,4.1,6.4,Spoiled
4.6,8.2,6.368,0.196,3.62,7.77,Acceptable
3.65,3.46,6.597,0.168,2.74,8.48,Acceptable
6.16,6.87,6.419,0.201,3.48,7.18,Acceptable
7.07,4.71,6.483,0.174,2.97,7.83,Acceptable
9.6,6.55,6.447,0.192,3.61,7.11,Acceptable
9.21,3.31,6.472,0.188,3.14,8.3,Acceptable
9.85,5.93,6.3,0.198,3.75,6.98,Acceptable
6.88,1.92,6.571,0.141,2.66,9.05,Acceptable
6.04,11.41,6.247,0.237,4.58,6.73,Spoiled
5.35,8.71,6.409,0.207,3.34,7.0,Acceptable
5.8,0.82,6.57,0.135,1.89,9.79,Acceptable
6.57,11.23,6.244,0.235,4.16,6.01,Spoiled
6.67,5.76,6.439,0.193,3.19,6.82,Acceptable
8.54,13.84,6.168,0.27,4.82,4.57,Spoiled
7.27,7.51,6.377,0.232,3.98,6.77,Spoiled
5.36,5.97,6.422,0.188,3.27,6.88,Acceptable
6.03,4.15,6.558,0.161,2.9,7.94,Acceptable
4.41,9.35,6.416,0.217,4.15,7.5,Acceptable
9.52,13.64,6.153,0.276,5.16,4.97,Spoiled
8.17,13.16,6.11,0.249,4.6,5.84,Spoiled
9.18,2.03,6.516,0.19,3.08,8.34,Acceptable
2.83,6.46,6.562,0.184,2.53,8.01,Acceptable
8.37,12.61,6.163,0.268,4.87,6.22,Spoiled
4.88,10.2,6.304,0.223,4.21,5.97,Spoiled
7.86,6.55,6.437,0.204,3.25,7.1,Acceptable
2.82,8.31,6.492,0.205,3.35,7.66,Acceptable
4.54,8.43,6.367,0.207,3.51,8.11,Acceptable
5.57,3.98,6.537,0.17,3.13,8.19,Acceptable
3.29,4.68,6.615,0.171,2.72,8.9,Acceptable
5.35,5.76,6.521,0.19,3.05,8.28,Acceptable
5.43,0.29,6.643,0.143,2.3,10.0,Acceptable
2.33,12.25,6.274,0.218,3.56,6.27,Acceptable
6.68,4.56,6.502,0.167,3.56,7.87,Acceptable
7.44,0.79,6.612,0.148,2.28,9.26,Acceptable
7.88,2.4,6.616,0.153,2.78,8.16,Acceptable
8.97,9.52,6.237,0.227,4.38,6.5,Spoiled
3.64,10.86,6.293,0.225,3.68,6.37,Spoiled
8.79,3.59,6.48,0.188,3.02,7.07,Acceptable
4.58,8.11,6.427,0.194,3.59,6.99,Acceptable
9.61,7.19,6.369,0.217,4.04,6.59,Acceptable
9.44,7.99,6.339,0.22,4.31,6.96,Spoiled
3.23,8.2,6.442,0.2,3.12,7.82,Acceptable
6.12,9.92,6.303,0.228,4.04,7.27,Spoiled
7.32,14.5,6.1,0.266,4.72,4.95,Spoiled
7.85,0.18,6.645,0.146,2.45,9.38,Acceptable
3.06,14.72,6.195,0.256,4.9,5.42,Spoiled
7.8,13.77,6.12,0.268,4.66,5.03,Spoiled
9.89,5.01,6.399,0.193,3.11,7.19,Acceptable
8.81,14.49,6.16,0.271,5.14,5.16,Spoiled
3.6,7.05,6.433,0.18,3.06,7.73,Acceptable
3.9,12.62,6.211,0.229,4.48,6.0,Spoiled
8.84,13.39,6.087,0.261,5.06,5.6,Spoiled
5.93,13.35,6.236,0.252,4.67,6.11,Spoiled
7.75,9.94,6.271,0.226,4.29,6.56,Spoiled
3.39,11.54,6.264,0.224,4.15,6.51,Spoiled
8.31,7.41,6.375,0.193,3.95,5.79,Acceptable
7.45,13.66,6.146,0.265,4.99,5.37,Spoiled
6.48,14.72,6.132,0.268,4.87,5.43,Spoiled
7.86,13.64,6.099,0.255,4.84,5.19,Spoiled
7.98,2.49,6.512,0.173,3.05,8.5,Acceptable
6.09,8.4,6.394,0.203,4.16,6.81,Acceptable
7.71,11.36,6.236,0.243,4.24,6.13,Spoiled
9.37,12.17,6.189,0.249,4.48,5.81,Spoiled
7.21,5.18,6.476,0.197,3.03,9.0,Acceptable
7.48,13.76,6.183,0.264,4.88,4.91,Spoiled
4.07,1.07,6.667,0.137,2.06,9.04,Acceptable
8.98,0.11,6.623,0.164,2.57,8.67,Acceptable
9.12,12.32,6.179,0.269,4.87,5.38,Spoiled
9.55,6.72,6.302,0.204,3.77,6.43,Acceptable
3.07,6.93,6.459,0.184,3.1,7.68,Acceptable
4.06,3.19,6.564,0.165,2.5,9.01,Acceptable
9.41,6.77,6.373,0.202,3.9,6.54,Acceptable
3.23,0.94,6.64,0.139,2.1,9.27,Acceptable
5.14,7.94,6.367,0.215,3.78,6.85,Acceptable
9.46,5.69,6.359,0.204,3.93,7.71,Acceptable
8.71,6.28,6.394,0.21,3.95,7.5,Acceptable
7.02,7.51,6.454,0.199,3.75,7.53,Acceptable
9.63,12.76,6.157,0.265,4.93,6.0,Spoiled
2.37,14.45,6.272,0.253,4.42,6.34,Spoiled
9.25,8.98,6.286,0.231,4.29,6.94,Spoiled
8.19,7.6,6.342,0.2,4.03,7.41,Acceptable
6.67,2.0,6.573,0.162,2.72,8.82,Acceptable
5.95,8.68,6.37,0.219,3.75,7.49,Acceptable
7.58,10.39,6.269,0.257,4.25,7.02,Spoiled
2.12,6.89,6.519,0.161,3.1,8.16,Acceptable
2.09,2.01,6.688,0.138,2.29,8.9,Acceptable
7.98,8.74,6.319,0.225,4.02,6.38,Spoiled
5.53,7.29,6.471,0.201,3.23,7.58,Acceptable
8.85,2.5,6.626,0.175,2.84,8.23,Acceptable
2.52,11.3,6.361,0.222,4.03,7.0,Spoiled
2.81,9.61,6.293,0.219,3.6,7.04,Acceptable
4.98,12.0,6.264,0.231,4.28,5.85,Spoiled
2.14,0.08,6.746,0.128,1.91,10.0,Acceptable
4.99,9.78,6.303,0.225,4.12,6.75,Spoiled
5.43,2.82,6.535,0.177,2.72,8.66,Acceptable
8.1,8.88,6.309,0.231,4.25,6.74,Spoiled
5.56,7.46,6.428,0.196,3.37,7.19,Acceptable
8.21,3.38,6.527,0.17,2.88,8.52,Acceptable
4.55,0.13,6.703,0.128,2.27,9.23,Acceptable
3.69,10.65,6.335,0.215,3.68,6.49,Acceptable
7.02,2.76,6.53,0.172,2.87,7.93,Acceptable
2.66,14.91,6.161,0.257,4.49,6.01,Spoiled
8.73,7.03,6.432,0.207,3.68,6.46,Acceptable
7.35,4.56,6.446,0.175,3.04,7.74,Acceptable
2.2,1.28,6.66,0.131,2.08,9.32,Acceptable
5.39,13.98,6.149,0.26,4.83,6.13,Spoiled
5.11,14.37,6.184,0.25,4.83,5.54,Spoiled
4.48,13.59,6.177,0.245,4.63,5.64,Spoiled
3.87,13.59,6.224,0.247,4.27,6.47,Spoiled
8.14,7.84,6.375,0.209,3.89,6.98,Acceptable
4.06,13.33,6.252,0.218,4.42,5.57,Acceptable
7.13,1.06,6.592,0.155,2.28,9.08,Acceptable
7.14,14.49,6.081,0.26,4.79,5.72,Spoiled
9.54,13.91,6.094,0.272,4.69,4.56,Spoiled
6.23,1.66,6.622,0.145,2.4,8.35,Acceptable
2.98,10.64,6.282,0.222,3.65,7.32,Spoiled
6.54,7.15,6.41,0.201,3.13,7.7,Acceptable
8.36,4.59,6.474,0.192,3.73,7.95,Acceptable
8.52,4.46,6.437,0.188,3.37,7.88,Acceptable
4.29,1.0,6.624,0.147,2.15,9.05,Acceptable
7.38,5.87,6.416,0.184,3.5,7.66,Acceptable
5.3,6.02,6.482,0.194,3.04,7.61,Acceptable
3.46,3.06,6.625,0.158,2.48,8.89,Acceptable
4.68,3.24,6.634,0.16,2.51,8.59,Acceptable
6.91,1.08,6.63,0.151,2.27,7.93,Acceptable
7.43,5.37,6.407,0.198,3.13,8.66,Acceptable
7.58,5.55,6.443,0.177,3.52,7.56,Acceptable
9.27,11.38,6.288,0.244,4.67,4.92,Spoiled
6.75,14.45,6.122,0.25,4.8,5.43,Spoiled
4.25,12.34,6.299,0.224,4.11,6.72,Spoiled
3.45,2.94,6.585,0.15,2.43,8.87,Acceptable
9.7,4.01,6.509,0.177,3.52,7.59,Acceptable
5.37,6.04,6.445,0.177,3.33,7.64,Acceptable
4.22,9.15,6.427,0.224,3.38,7.48,Spoiled
4.25,8.48,6.382,0.203,3.55,7.58,Acceptable
6.44,7.31,6.432,0.2,3.54,6.89,Acceptable
7.95,6.65,6.354,0.198,3.5,7.11,Acceptable
4.6,0.87,6.624,0.141,2.45,9.11,Acceptable
6.69,4.21,6.43,0.178,3.07,8.15,Acceptable
5.07,14.68,6.176,0.256,4.61,5.09,Spoiled
2.22,6.7,6.525,0.193,3.16,8.19,Acceptable
7.63,5.07,6.403,0.182,3.25,8.71,Acceptable
7.85,1.69,6.596,0.16,2.67,8.38,Acceptable
6.18,1.27,6.589,0.128,2.14,9.19,Acceptable
3.44,0.29,6.682,0.132,1.94,9.98,Acceptable
2.84,6.49,6.46,0.175,2.62,8.4,Acceptable
5.94,14.0,6.113,0.244,4.78,4.2,Spoiled
6.96,2.36,6.602,0.16,2.8,8.41,Acceptable
6.15,1.97,6.531,0.154,2.49,9.08,Acceptable
4.35,5.92,6.538,0.173,3.08,8.27,Acceptable
2.73,7.38,6.521,0.192,3.19,8.43,Acceptable
2.67,6.49,6.431,0.181,3.09,8.2,Acceptable
7.06,7.74,6.393,0.197,3.91,7.13,Acceptable
3.31,4.5,6.546,0.172,2.99,7.83,Acceptable
9.22,0.08,6.658,0.153,2.39,8.57,Acceptable
4.69,6.34,6.456,0.194,3.15,7.11,Acceptable
4.08,5.81,6.544,0.162,3.11,7.25,Acceptable
6.72,11.79,6.303,0.246,4.27,5.27,Spoiled
2.46,14.5,6.249,0.25,4.76,5.85,Spoiled
4.38,2.02,6.581,0.16,2.37,9.86,Acceptable
5.79,4.18,6.486,0.165,3.19,8.08,Acceptable
2.9,0.02,6.719,0.12,1.83,10.0,Acceptable
9.96,0.0,6.49,0.156,2.41,9.43,Acceptable
2.07,1.58,6.698,0.137,1.76,8.65,Acceptable
9.73,6.2,6.381,0.205,3.97,7.26,Acceptable
3.2,9.01,6.425,0.213,3.37,7.65,Acceptable
9.6,0.98,6.606,0.165,2.79,8.07,Acceptable
7.34,0.38,6.668,0.147,2.35,9.81,Acceptable
3.89,4.98,6.503,0.171,2.54,8.36,Acceptable
7.71,14.87,6.161,0.281,4.99,5.54,Spoiled
7.05,8.72,6.265,0.22,3.99,6.41,Acceptable
9.17,0.38,6.568,0.145,2.82,8.96,Acceptable
4.8,0.78,6.682,0.141,2.19,10.0,Acceptable
3.9,5.3,6.513,0.165,3.11,7.58,Acceptable
3.83,11.15,6.246,0.219,4.22,7.11,Spoiled
9.63,11.0,6.197,0.257,4.61,6.65,Spoiled
3.7,0.27,6.735,0.129,1.83,9.68,Acceptable
7.57,14.52,6.08,0.274,4.75,5.16,Spoiled
3.35,13.73,6.273,0.24,4.42,5.77,Spoiled
3.42,3.7,6.593,0.156,2.88,8.8,Acceptable
2.84,9.34,6.402,0.203,3.35,7.98,Acceptable
4.57,3.13,6.583,0.155,2.73,8.67,Acceptable
2.1,11.27,6.325,0.218,4.02,6.99,Acceptable
6.89,0.9,6.611,0.138,2.26,9.16,Acceptable
6.75,6.89,6.418,0.193,3.8,7.15,Acceptable
6.95,11.51,6.226,0.246,4.64,6.68,Spoiled
5.62,0.89,6.658,0.139,2.29,8.79,Acceptable
5.84,3.63,6.53,0.163,3.35,8.53,Acceptable
3.09,12.1,6.267,0.221,4.32,6.35,Spoiled
5.15,2.93,6.542,0.157,2.75,8.25,Acceptable
6.57,13.07,6.184,0.253,4.83,5.54,Spoiled
2.38,9.39,6.413,0.209,3.67,8.05,Acceptable
3.93,11.47,6.302,0.222,4.25,6.16,Spoiled
4.1,13.05,6.258,0.243,4.08,6.59,Spoiled
5.85,5.71,6.509,0.184,3.08,8.57,Acceptable
6.91,0.5,6.611,0.148,2.69,8.74,Acceptable
5.34,7.55,6.43,0.212,3.22,7.31,Acceptable
6.22,4.48,6.501,0.171,2.95,8.31,Acceptable
2.29,13.54,6.23,0.249,4.15,6.88,Spoiled
6.35,12.47,6.242,0.256,4.54,5.45,Spoiled
8.81,0.18,6.585,0.162,2.57,8.97,Acceptable
3.12,14.02,6.206,0.247,4.19,6.23,Spoiled
7.44,0.67,6.624,0.151,2.35,9.26,Acceptable
2.95,11.78,6.287,0.222,3.95,6.12,Spoiled
2.82,5.06,6.617,0.174,2.63,8.24,Acceptable
8.39,10.32,6.309,0.228,4.45,6.25,Spoiled
5.07,2.09,6.645,0.139,2.7,8.65,Acceptable
3.77,4.5,6.549,0.166,2.92,8.46,Acceptable
8.43,6.92,6.359,0.197,3.72,7.73,Acceptable
7.89,5.96,6.364,0.213,3.63,7.34,Acceptable
7.64,8.76,6.297,0.23,3.79,6.3,Spoiled
5.47,9.19,6.347,0.195,3.62,7.37,Acceptable
8.57,7.69,6.407,0.213,3.86,7.11,Acceptable
3.83,1.78,6.647,0.143,2.44,9.14,Acceptable
5.34,11.34,6.258,0.243,4.59,5.77,Spoiled
4.17,12.68,6.28,0.243,4.3,6.8,Spoiled
8.48,13.65,6.105,0.247,4.52,5.1,Spoiled
5.45,8.09,6.315,0.2,3.44,7.24,Acceptable
7.1,6.06,6.461,0.183,3.7,7.35,Acceptable
6.36,10.57,6.324,0.231,3.96,6.51,Spoiled
4.85,14.7,6.194,0.261,4.56,5.66,Spoiled
9.75,14.44,6.135,0.276,5.11,5.15,Spoiled
4.29,2.77,6.615,0.146,2.37,8.4,Acceptable
9.17,0.9,6.658,0.15,2.86,8.66,Acceptable
9.09,1.33,6.631,0.153,2.67,7.71,Acceptable
3.41,11.63,6.264,0.235,3.84,6.11,Spoiled
7.79,9.49,6.289,0.216,4.3,6.13,Acceptable
8.4,6.55,6.363,0.211,3.51,7.75,Acceptable
8.2,0.18,6.66,0.143,2.73,9.16,Acceptable
7.27,12.11,6.246,0.238,4.31,5.79,Spoiled
2.7,1.34,6.711,0.147,2.29,8.96,Acceptable
